numbr,symbol,category
1000,ER_HASHCHK,common
1001,ER_NISAMCHK,common
1002,ER_NO,common
1003,ER_YES,common
1004,ER_CANT_CREATE_FILE,common
1005,ER_CANT_CREATE_TABLE,common
1006,ER_CANT_CREATE_DB,common
1007,ER_DB_CREATE_EXISTS,common
1008,ER_DB_DROP_EXISTS,common
1009,ER_DB_DROP_DELETE,common
1010,ER_DB_DROP_RMDIR,common
1011,ER_CANT_DELETE_FILE,common
1012,ER_CANT_FIND_SYSTEM_REC,common
1013,ER_CANT_GET_STAT,common
1014,ER_CANT_GET_WD,common
1015,ER_CANT_LOCK,common
1016,ER_CANT_OPEN_FILE,common
1017,ER_FILE_NOT_FOUND,common
1018,ER_CANT_READ_DIR,common
1019,ER_CANT_SET_WD,common
1020,ER_CHECKREAD,common
1021,ER_DISK_FULL,common
1022,ER_DUP_KEY,common
1023,ER_ERROR_ON_CLOSE,common
1024,ER_ERROR_ON_READ,common
1025,ER_ERROR_ON_RENAME,common
1026,ER_ERROR_ON_WRITE,common
1027,ER_FILE_USED,common
1028,ER_FILSORT_ABORT,common
1029,ER_FORM_NOT_FOUND,common
1030,ER_GET_ERRNO,common
1031,ER_ILLEGAL_HA,common
1032,ER_KEY_NOT_FOUND,common
1033,ER_NOT_FORM_FILE,common
1034,ER_NOT_KEYFILE,common
1035,ER_OLD_KEYFILE,common
1036,ER_OPEN_AS_READONLY,common
1037,ER_OUTOFMEMORY,common
1038,ER_OUT_OF_SORTMEMORY,common
1039,ER_UNEXPECTED_EOF,common
1040,ER_CON_COUNT_ERROR,common
1041,ER_OUT_OF_RESOURCES,common
1042,ER_BAD_HOST_ERROR,common
1043,ER_HANDSHAKE_ERROR,common
1044,ER_DBACCESS_DENIED_ERROR,common
1045,ER_ACCESS_DENIED_ERROR,common
1046,ER_NO_DB_ERROR,common
1047,ER_UNKNOWN_COM_ERROR,common
1048,ER_BAD_NULL_ERROR,common
1049,ER_BAD_DB_ERROR,common
1050,ER_TABLE_EXISTS_ERROR,common
1051,ER_BAD_TABLE_ERROR,common
1052,ER_NON_UNIQ_ERROR,common
1053,ER_SERVER_SHUTDOWN,common
1054,ER_BAD_FIELD_ERROR,common
1055,ER_WRONG_FIELD_WITH_GROUP,common
1056,ER_WRONG_GROUP_FIELD,common
1057,ER_WRONG_SUM_SELECT,common
1058,ER_WRONG_VALUE_COUNT,common
1059,ER_TOO_LONG_IDENT,common
1060,ER_DUP_FIELDNAME,common
1061,ER_DUP_KEYNAME,common
1062,ER_DUP_ENTRY,common
1063,ER_WRONG_FIELD_SPEC,common
1064,ER_PARSE_ERROR,common
1065,ER_EMPTY_QUERY,common
1066,ER_NONUNIQ_TABLE,common
1067,ER_INVALID_DEFAULT,common
1068,ER_MULTIPLE_PRI_KEY,common
1069,ER_TOO_MANY_KEYS,common
1070,ER_TOO_MANY_KEY_PARTS,common
1071,ER_TOO_LONG_KEY,common
1072,ER_KEY_COLUMN_DOES_NOT_EXITS,common
1073,ER_BLOB_USED_AS_KEY,common
1074,ER_TOO_BIG_FIELDLENGTH,common
1075,ER_WRONG_AUTO_KEY,common
1076,ER_BINLOG_CANT_DELETE_GTID_DOMAIN,mariadb
1076,ER_READY,mysql
1077,ER_NORMAL_SHUTDOWN,common
1078,ER_GOT_SIGNAL,common
1079,ER_SHUTDOWN_COMPLETE,common
1080,ER_FORCING_CLOSE,common
1081,ER_IPSOCK_ERROR,common
1082,ER_NO_SUCH_INDEX,common
1083,ER_WRONG_FIELD_TERMINATORS,common
1084,ER_BLOBS_AND_NO_TERMINATED,common
1085,ER_TEXTFILE_NOT_READABLE,common
1086,ER_FILE_EXISTS_ERROR,common
1087,ER_LOAD_INFO,common
1088,ER_ALTER_INFO,common
1089,ER_WRONG_SUB_KEY,common
1090,ER_CANT_REMOVE_ALL_FIELDS,common
1091,ER_CANT_DROP_FIELD_OR_KEY,common
1092,ER_INSERT_INFO,common
1093,ER_UPDATE_TABLE_USED,common
1094,ER_NO_SUCH_THREAD,common
1095,ER_KILL_DENIED_ERROR,common
1096,ER_NO_TABLES_USED,common
1097,ER_TOO_BIG_SET,common
1098,ER_NO_UNIQUE_LOGFILE,common
1099,ER_TABLE_NOT_LOCKED_FOR_WRITE,common
1100,ER_TABLE_NOT_LOCKED,common
1101,ER_BLOB_CANT_HAVE_DEFAULT,mysql
1102,ER_WRONG_DB_NAME,common
1103,ER_WRONG_TABLE_NAME,common
1104,ER_TOO_BIG_SELECT,common
1105,ER_UNKNOWN_ERROR,common
1106,ER_UNKNOWN_PROCEDURE,common
1107,ER_WRONG_PARAMCOUNT_TO_PROCEDURE,common
1108,ER_WRONG_PARAMETERS_TO_PROCEDURE,common
1109,ER_UNKNOWN_TABLE,common
1110,ER_FIELD_SPECIFIED_TWICE,common
1111,ER_INVALID_GROUP_FUNC_USE,common
1112,ER_UNSUPPORTED_EXTENSION,common
1113,ER_TABLE_MUST_HAVE_COLUMNS,common
1114,ER_RECORD_FILE_FULL,common
1115,ER_UNKNOWN_CHARACTER_SET,common
1116,ER_TOO_MANY_TABLES,common
1117,ER_TOO_MANY_FIELDS,common
1118,ER_TOO_BIG_ROWSIZE,common
1119,ER_STACK_OVERRUN,common
1120,ER_WRONG_OUTER_JOIN,mariadb
1120,ER_WRONG_OUTER_JOIN_UNUSED,mysql
1121,ER_NULL_COLUMN_IN_INDEX,common
1122,ER_CANT_FIND_UDF,common
1123,ER_CANT_INITIALIZE_UDF,common
1124,ER_UDF_NO_PATHS,common
1125,ER_UDF_EXISTS,common
1126,ER_CANT_OPEN_LIBRARY,common
1127,ER_CANT_FIND_DL_ENTRY,common
1128,ER_FUNCTION_NOT_DEFINED,common
1129,ER_HOST_IS_BLOCKED,common
1130,ER_HOST_NOT_PRIVILEGED,common
1131,ER_PASSWORD_ANONYMOUS_USER,common
1132,ER_PASSWORD_NOT_ALLOWED,common
1133,ER_PASSWORD_NO_MATCH,common
1134,ER_UPDATE_INFO,common
1135,ER_CANT_CREATE_THREAD,common
1136,ER_WRONG_VALUE_COUNT_ON_ROW,common
1137,ER_CANT_REOPEN_TABLE,common
1138,ER_INVALID_USE_OF_NULL,common
1139,ER_REGEXP_ERROR,common
1140,ER_MIX_OF_GROUP_FUNC_AND_FIELDS,common
1141,ER_NONEXISTING_GRANT,common
1142,ER_TABLEACCESS_DENIED_ERROR,common
1143,ER_COLUMNACCESS_DENIED_ERROR,common
1144,ER_ILLEGAL_GRANT_FOR_TABLE,common
1145,ER_GRANT_WRONG_HOST_OR_USER,common
1146,ER_NO_SUCH_TABLE,common
1147,ER_NONEXISTING_TABLE_GRANT,common
1148,ER_NOT_ALLOWED_COMMAND,common
1149,ER_SYNTAX_ERROR,common
1150,ER_DELAYED_CANT_CHANGE_LOCK,mariadb
1151,ER_TOO_MANY_DELAYED_THREADS,mariadb
1152,ER_ABORTING_CONNECTION,common
1153,ER_NET_PACKET_TOO_LARGE,common
1154,ER_NET_READ_ERROR_FROM_PIPE,common
1155,ER_NET_FCNTL_ERROR,common
1156,ER_NET_PACKETS_OUT_OF_ORDER,common
1157,ER_NET_UNCOMPRESS_ERROR,common
1158,ER_NET_READ_ERROR,common
1159,ER_NET_READ_INTERRUPTED,common
1160,ER_NET_ERROR_ON_WRITE,common
1161,ER_NET_WRITE_INTERRUPTED,common
1162,ER_TOO_LONG_STRING,common
1163,ER_TABLE_CANT_HANDLE_BLOB,common
1164,ER_TABLE_CANT_HANDLE_AUTO_INCREMENT,common
1165,ER_DELAYED_INSERT_TABLE_LOCKED,mariadb
1166,ER_WRONG_COLUMN_NAME,common
1167,ER_WRONG_KEY_COLUMN,common
1168,ER_WRONG_MRG_TABLE,common
1169,ER_DUP_UNIQUE,common
1170,ER_BLOB_KEY_WITHOUT_LENGTH,common
1171,ER_PRIMARY_CANT_HAVE_NULL,common
1172,ER_TOO_MANY_ROWS,common
1173,ER_REQUIRES_PRIMARY_KEY,common
1174,ER_NO_RAID_COMPILED,common
1175,ER_UPDATE_WITHOUT_KEY_IN_SAFE_MODE,common
1176,ER_KEY_DOES_NOT_EXISTS,mariadb
1176,ER_KEY_DOES_NOT_EXITS,mysql
1177,ER_CHECK_NO_SUCH_TABLE,common
1178,ER_CHECK_NOT_IMPLEMENTED,common
1179,ER_CANT_DO_THIS_DURING_AN_TRANSACTION,common
1180,ER_ERROR_DURING_COMMIT,common
1181,ER_ERROR_DURING_ROLLBACK,common
1182,ER_ERROR_DURING_FLUSH_LOGS,common
1183,ER_ERROR_DURING_CHECKPOINT,common
1184,ER_NEW_ABORTING_CONNECTION,common
1185,ER_DUMP_NOT_IMPLEMENTED,mysql
1186,ER_FLUSH_MASTER_BINLOG_CLOSED,common
1187,ER_INDEX_REBUILD,common
1188,ER_MASTER,common
1189,ER_MASTER_NET_READ,common
1190,ER_MASTER_NET_WRITE,common
1191,ER_FT_MATCHING_KEY_NOT_FOUND,common
1192,ER_LOCK_OR_ACTIVE_TRANSACTION,common
1193,ER_UNKNOWN_SYSTEM_VARIABLE,common
1194,ER_CRASHED_ON_USAGE,common
1195,ER_CRASHED_ON_REPAIR,common
1196,ER_WARNING_NOT_COMPLETE_ROLLBACK,common
1197,ER_TRANS_CACHE_FULL,common
1198,ER_SLAVE_MUST_STOP,common
1199,ER_SLAVE_NOT_RUNNING,common
1200,ER_BAD_SLAVE,common
1201,ER_MASTER_INFO,common
1202,ER_SLAVE_THREAD,common
1203,ER_TOO_MANY_USER_CONNECTIONS,common
1204,ER_SET_CONSTANTS_ONLY,common
1205,ER_LOCK_WAIT_TIMEOUT,common
1206,ER_LOCK_TABLE_FULL,common
1207,ER_READ_ONLY_TRANSACTION,common
1208,ER_DROP_DB_WITH_READ_LOCK,common
1209,ER_CREATE_DB_WITH_READ_LOCK,common
1210,ER_WRONG_ARGUMENTS,common
1211,ER_NO_PERMISSION_TO_CREATE_USER,common
1212,ER_UNION_TABLES_IN_DIFFERENT_DIR,common
1213,ER_LOCK_DEADLOCK,common
1214,ER_TABLE_CANT_HANDLE_FT,common
1215,ER_CANNOT_ADD_FOREIGN,common
1216,ER_NO_REFERENCED_ROW,common
1217,ER_ROW_IS_REFERENCED,common
1218,ER_CONNECT_TO_MASTER,common
1219,ER_QUERY_ON_MASTER,common
1220,ER_ERROR_WHEN_EXECUTING_COMMAND,common
1221,ER_WRONG_USAGE,common
1222,ER_WRONG_NUMBER_OF_COLUMNS_IN_SELECT,common
1223,ER_CANT_UPDATE_WITH_READLOCK,common
1224,ER_MIXING_NOT_ALLOWED,common
1225,ER_DUP_ARGUMENT,common
1226,ER_USER_LIMIT_REACHED,common
1227,ER_SPECIFIC_ACCESS_DENIED_ERROR,common
1228,ER_LOCAL_VARIABLE,common
1229,ER_GLOBAL_VARIABLE,common
1230,ER_NO_DEFAULT,common
1231,ER_WRONG_VALUE_FOR_VAR,common
1232,ER_WRONG_TYPE_FOR_VAR,common
1233,ER_VAR_CANT_BE_READ,common
1234,ER_CANT_USE_OPTION_HERE,common
1235,ER_NOT_SUPPORTED_YET,common
1236,ER_MASTER_FATAL_ERROR_READING_BINLOG,common
1237,ER_SLAVE_IGNORED_TABLE,common
1238,ER_INCORRECT_GLOBAL_LOCAL_VAR,common
1239,ER_WRONG_FK_DEF,common
1240,ER_KEY_REF_DO_NOT_MATCH_TABLE_REF,common
1241,ER_OPERAND_COLUMNS,common
1242,ER_SUBQUERY_NO_1_ROW,common
1243,ER_UNKNOWN_STMT_HANDLER,common
1244,ER_CORRUPT_HELP_DB,common
1245,ER_CYCLIC_REFERENCE,common
1246,ER_AUTO_CONVERT,common
1247,ER_ILLEGAL_REFERENCE,common
1248,ER_DERIVED_MUST_HAVE_ALIAS,common
1249,ER_SELECT_REDUCED,common
1250,ER_TABLENAME_NOT_ALLOWED_HERE,common
1251,ER_NOT_SUPPORTED_AUTH_MODE,common
1252,ER_SPATIAL_CANT_HAVE_NULL,common
1253,ER_COLLATION_CHARSET_MISMATCH,common
1254,ER_SLAVE_WAS_RUNNING,common
1255,ER_SLAVE_WAS_NOT_RUNNING,common
1256,ER_TOO_BIG_FOR_UNCOMPRESS,common
1257,ER_ZLIB_Z_MEM_ERROR,common
1258,ER_ZLIB_Z_BUF_ERROR,common
1259,ER_ZLIB_Z_DATA_ERROR,common
1260,ER_CUT_VALUE_GROUP_CONCAT,common
1261,ER_WARN_TOO_FEW_RECORDS,common
1262,ER_WARN_TOO_MANY_RECORDS,common
1263,ER_WARN_NULL_TO_NOTNULL,common
1264,ER_WARN_DATA_OUT_OF_RANGE,common
1265,WARN_DATA_TRUNCATED,common
1266,ER_WARN_USING_OTHER_HANDLER,common
1267,ER_CANT_AGGREGATE_2COLLATIONS,common
1268,ER_DROP_USER,common
1269,ER_REVOKE_GRANTS,common
1270,ER_CANT_AGGREGATE_3COLLATIONS,common
1271,ER_CANT_AGGREGATE_NCOLLATIONS,common
1272,ER_VARIABLE_IS_NOT_STRUCT,common
1273,ER_UNKNOWN_COLLATION,common
1274,ER_SLAVE_IGNORED_SSL_PARAMS,common
1275,ER_SERVER_IS_IN_SECURE_AUTH_MODE,common
1276,ER_WARN_FIELD_RESOLVED,common
1277,ER_BAD_SLAVE_UNTIL_COND,common
1278,ER_MISSING_SKIP_SLAVE,common
1279,ER_UNTIL_COND_IGNORED,common
1280,ER_WRONG_NAME_FOR_INDEX,common
1281,ER_WRONG_NAME_FOR_CATALOG,common
1282,ER_WARN_QC_RESIZE,common
1283,ER_BAD_FT_COLUMN,common
1284,ER_UNKNOWN_KEY_CACHE,common
1285,ER_WARN_HOSTNAME_WONT_WORK,common
1286,ER_UNKNOWN_STORAGE_ENGINE,common
1287,ER_WARN_DEPRECATED_SYNTAX,common
1288,ER_NON_UPDATABLE_TABLE,common
1289,ER_FEATURE_DISABLED,common
1290,ER_OPTION_PREVENTS_STATEMENT,common
1291,ER_DUPLICATED_VALUE_IN_TYPE,common
1292,ER_TRUNCATED_WRONG_VALUE,common
1293,ER_TOO_MUCH_AUTO_TIMESTAMP_COLS,common
1294,ER_INVALID_ON_UPDATE,common
1295,ER_UNSUPPORTED_PS,common
1296,ER_GET_ERRMSG,common
1297,ER_GET_TEMPORARY_ERRMSG,common
1298,ER_UNKNOWN_TIME_ZONE,common
1299,ER_WARN_INVALID_TIMESTAMP,common
1300,ER_INVALID_CHARACTER_STRING,common
1301,ER_WARN_ALLOWED_PACKET_OVERFLOWED,common
1302,ER_CONFLICTING_DECLARATIONS,common
1303,ER_SP_NO_RECURSIVE_CREATE,common
1304,ER_SP_ALREADY_EXISTS,common
1305,ER_SP_DOES_NOT_EXIST,common
1306,ER_SP_DROP_FAILED,common
1307,ER_SP_STORE_FAILED,common
1308,ER_SP_LILABEL_MISMATCH,common
1309,ER_SP_LABEL_REDEFINE,common
1310,ER_SP_LABEL_MISMATCH,common
1311,ER_SP_UNINIT_VAR,common
1312,ER_SP_BADSELECT,common
1313,ER_SP_BADRETURN,common
1314,ER_SP_BADSTATEMENT,common
1315,ER_UPDATE_LOG_DEPRECATED_IGNORED,common
1316,ER_UPDATE_LOG_DEPRECATED_TRANSLATED,common
1317,ER_QUERY_INTERRUPTED,common
1318,ER_SP_WRONG_NO_OF_ARGS,common
1319,ER_SP_COND_MISMATCH,common
1320,ER_SP_NORETURN,common
1321,ER_SP_NORETURNEND,common
1322,ER_SP_BAD_CURSOR_QUERY,common
1323,ER_SP_BAD_CURSOR_SELECT,common
1324,ER_SP_CURSOR_MISMATCH,common
1325,ER_SP_CURSOR_ALREADY_OPEN,common
1326,ER_SP_CURSOR_NOT_OPEN,common
1327,ER_SP_UNDECLARED_VAR,common
1328,ER_SP_WRONG_NO_OF_FETCH_ARGS,common
1329,ER_SP_FETCH_NO_DATA,common
1330,ER_SP_DUP_PARAM,common
1331,ER_SP_DUP_VAR,common
1332,ER_SP_DUP_COND,common
1333,ER_SP_DUP_CURS,common
1334,ER_SP_CANT_ALTER,common
1335,ER_SP_SUBSELECT_NYI,common
1336,ER_STMT_NOT_ALLOWED_IN_SF_OR_TRG,common
1337,ER_SP_VARCOND_AFTER_CURSHNDLR,common
1338,ER_SP_CURSOR_AFTER_HANDLER,common
1339,ER_SP_CASE_NOT_FOUND,common
1340,ER_FPARSER_TOO_BIG_FILE,common
1341,ER_FPARSER_BAD_HEADER,common
1342,ER_FPARSER_EOF_IN_COMMENT,common
1343,ER_FPARSER_ERROR_IN_PARAMETER,common
1344,ER_FPARSER_EOF_IN_UNKNOWN_PARAMETER,common
1345,ER_VIEW_NO_EXPLAIN,common
1346,ER_FRM_UNKNOWN_TYPE,common
1347,ER_WRONG_OBJECT,common
1348,ER_NONUPDATEABLE_COLUMN,common
1349,ER_VIEW_SELECT_DERIVED,mariadb
1349,ER_VIEW_SELECT_DERIVED_UNUSED,mysql
1350,ER_VIEW_SELECT_CLAUSE,common
1351,ER_VIEW_SELECT_VARIABLE,common
1352,ER_VIEW_SELECT_TMPTABLE,common
1353,ER_VIEW_WRONG_LIST,common
1354,ER_WARN_VIEW_MERGE,common
1355,ER_WARN_VIEW_WITHOUT_KEY,common
1356,ER_VIEW_INVALID,common
1357,ER_SP_NO_DROP_SP,common
1358,ER_SP_GOTO_IN_HNDLR,common
1359,ER_TRG_ALREADY_EXISTS,common
1360,ER_TRG_DOES_NOT_EXIST,common
1361,ER_TRG_ON_VIEW_OR_TEMP_TABLE,common
1362,ER_TRG_CANT_CHANGE_ROW,common
1363,ER_TRG_NO_SUCH_ROW_IN_TRG,common
1364,ER_NO_DEFAULT_FOR_FIELD,common
1365,ER_DIVISION_BY_ZERO,common
1366,ER_TRUNCATED_WRONG_VALUE_FOR_FIELD,common
1367,ER_ILLEGAL_VALUE_FOR_TYPE,common
1368,ER_VIEW_NONUPD_CHECK,common
1369,ER_VIEW_CHECK_FAILED,common
1370,ER_PROCACCESS_DENIED_ERROR,common
1371,ER_RELAY_LOG_FAIL,common
1372,ER_PASSWD_LENGTH,common
1373,ER_UNKNOWN_TARGET_BINLOG,common
1374,ER_IO_ERR_LOG_INDEX_READ,common
1375,ER_BINLOG_PURGE_PROHIBITED,common
1376,ER_FSEEK_FAIL,common
1377,ER_BINLOG_PURGE_FATAL_ERR,common
1378,ER_LOG_IN_USE,common
1379,ER_LOG_PURGE_UNKNOWN_ERR,common
1380,ER_RELAY_LOG_INIT,common
1381,ER_NO_BINARY_LOGGING,common
1382,ER_RESERVED_SYNTAX,common
1383,ER_WSAS_FAILED,common
1384,ER_DIFF_GROUPS_PROC,common
1385,ER_NO_GROUP_FOR_PROC,common
1386,ER_ORDER_WITH_PROC,common
1387,ER_LOGGING_PROHIBIT_CHANGING_OF,common
1388,ER_NO_FILE_MAPPING,common
1389,ER_WRONG_MAGIC,common
1390,ER_PS_MANY_PARAM,common
1391,ER_KEY_PART_0,common
1392,ER_VIEW_CHECKSUM,common
1393,ER_VIEW_MULTIUPDATE,common
1394,ER_VIEW_NO_INSERT_FIELD_LIST,common
1395,ER_VIEW_DELETE_MERGE_VIEW,common
1396,ER_CANNOT_USER,common
1397,ER_XAER_NOTA,common
1398,ER_XAER_INVAL,common
1399,ER_XAER_RMFAIL,common
1400,ER_XAER_OUTSIDE,common
1401,ER_XAER_RMERR,common
1402,ER_XA_RBROLLBACK,common
1403,ER_NONEXISTING_PROC_GRANT,common
1404,ER_PROC_AUTO_GRANT_FAIL,common
1405,ER_PROC_AUTO_REVOKE_FAIL,common
1406,ER_DATA_TOO_LONG,common
1407,ER_SP_BAD_SQLSTATE,common
1408,ER_STARTUP,common
1409,ER_LOAD_FROM_FIXED_SIZE_ROWS_TO_VAR,common
1410,ER_CANT_CREATE_USER_WITH_GRANT,common
1411,ER_WRONG_VALUE_FOR_TYPE,common
1412,ER_TABLE_DEF_CHANGED,common
1413,ER_SP_DUP_HANDLER,common
1414,ER_SP_NOT_VAR_ARG,common
1415,ER_SP_NO_RETSET,common
1416,ER_CANT_CREATE_GEOMETRY_OBJECT,common
1417,ER_FAILED_ROUTINE_BREAK_BINLOG,common
1418,ER_BINLOG_UNSAFE_ROUTINE,common
1419,ER_BINLOG_CREATE_ROUTINE_NEED_SUPER,common
1420,ER_EXEC_STMT_WITH_OPEN_CURSOR,common
1421,ER_STMT_HAS_NO_OPEN_CURSOR,common
1422,ER_COMMIT_NOT_ALLOWED_IN_SF_OR_TRG,common
1423,ER_NO_DEFAULT_FOR_VIEW_FIELD,common
1424,ER_SP_NO_RECURSION,common
1425,ER_TOO_BIG_SCALE,common
1426,ER_TOO_BIG_PRECISION,common
1427,ER_M_BIGGER_THAN_D,common
1428,ER_WRONG_LOCK_OF_SYSTEM_TABLE,common
1429,ER_CONNECT_TO_FOREIGN_DATA_SOURCE,common
1430,ER_QUERY_ON_FOREIGN_DATA_SOURCE,common
1431,ER_FOREIGN_DATA_SOURCE_DOESNT_EXIST,common
1432,ER_FOREIGN_DATA_STRING_INVALID_CANT_CREATE,common
1433,ER_FOREIGN_DATA_STRING_INVALID,common
1434,ER_CANT_CREATE_FEDERATED_TABLE,common
1435,ER_TRG_IN_WRONG_SCHEMA,common
1436,ER_STACK_OVERRUN_NEED_MORE,common
1437,ER_TOO_LONG_BODY,common
1438,ER_WARN_CANT_DROP_DEFAULT_KEYCACHE,common
1439,ER_TOO_BIG_DISPLAYWIDTH,common
1440,ER_XAER_DUPID,common
1441,ER_DATETIME_FUNCTION_OVERFLOW,common
1442,ER_CANT_UPDATE_USED_TABLE_IN_SF_OR_TRG,common
1443,ER_VIEW_PREVENT_UPDATE,common
1444,ER_PS_NO_RECURSION,common
1445,ER_SP_CANT_SET_AUTOCOMMIT,common
1446,ER_MALFORMED_DEFINER,common
1447,ER_VIEW_FRM_NO_USER,common
1448,ER_VIEW_OTHER_USER,common
1449,ER_NO_SUCH_USER,common
1450,ER_FORBID_SCHEMA_CHANGE,common
1451,ER_ROW_IS_REFERENCED_2,common
1452,ER_NO_REFERENCED_ROW_2,common
1453,ER_SP_BAD_VAR_SHADOW,common
1454,ER_TRG_NO_DEFINER,common
1455,ER_OLD_FILE_FORMAT,common
1456,ER_SP_RECURSION_LIMIT,common
1457,ER_SP_PROC_TABLE_CORRUPT,common
1458,ER_SP_WRONG_NAME,common
1459,ER_TABLE_NEEDS_UPGRADE,common
1460,ER_SP_NO_AGGREGATE,common
1461,ER_MAX_PREPARED_STMT_COUNT_REACHED,common
1462,ER_VIEW_RECURSIVE,common
1463,ER_NON_GROUPING_FIELD_USED,common
1464,ER_TABLE_CANT_HANDLE_SPKEYS,common
1465,ER_NO_TRIGGERS_ON_SYSTEM_SCHEMA,common
1466,ER_REMOVED_SPACES,common
1467,ER_AUTOINC_READ_FAILED,common
1468,ER_USERNAME,common
1469,ER_HOSTNAME,common
1470,ER_WRONG_STRING_LENGTH,common
1471,ER_NON_INSERTABLE_TABLE,common
1472,ER_ADMIN_WRONG_MRG_TABLE,common
1473,ER_TOO_HIGH_LEVEL_OF_NESTING_FOR_SELECT,common
1474,ER_NAME_BECOMES_EMPTY,common
1475,ER_AMBIGUOUS_FIELD_TERM,common
1476,ER_FOREIGN_SERVER_EXISTS,common
1477,ER_FOREIGN_SERVER_DOESNT_EXIST,common
1478,ER_ILLEGAL_HA_CREATE_OPTION,common
1479,ER_PARTITION_REQUIRES_VALUES_ERROR,common
1480,ER_PARTITION_WRONG_VALUES_ERROR,common
1481,ER_PARTITION_MAXVALUE_ERROR,common
1482,ER_PARTITION_SUBPARTITION_ERROR,common
1483,ER_PARTITION_SUBPART_MIX_ERROR,common
1484,ER_PARTITION_WRONG_NO_PART_ERROR,common
1485,ER_PARTITION_WRONG_NO_SUBPART_ERROR,common
1486,ER_WRONG_EXPR_IN_PARTITION_FUNC_ERROR,common
1487,ER_NOT_CONSTANT_EXPRESSION,mariadb
1487,ER_NO_CONST_EXPR_IN_RANGE_OR_LIST_ERROR,mysql
1488,ER_FIELD_NOT_FOUND_PART_ERROR,common
1489,ER_LIST_OF_FIELDS_ONLY_IN_HASH_ERROR,common
1490,ER_INCONSISTENT_PARTITION_INFO_ERROR,common
1491,ER_PARTITION_FUNC_NOT_ALLOWED_ERROR,common
1492,ER_PARTITIONS_MUST_BE_DEFINED_ERROR,common
1493,ER_RANGE_NOT_INCREASING_ERROR,common
1494,ER_INCONSISTENT_TYPE_OF_FUNCTIONS_ERROR,common
1495,ER_MULTIPLE_DEF_CONST_IN_LIST_PART_ERROR,common
1496,ER_PARTITION_ENTRY_ERROR,common
1497,ER_MIX_HANDLER_ERROR,common
1498,ER_PARTITION_NOT_DEFINED_ERROR,common
1499,ER_TOO_MANY_PARTITIONS_ERROR,common
1500,ER_SUBPARTITION_ERROR,common
1501,ER_CANT_CREATE_HANDLER_FILE,common
1502,ER_BLOB_FIELD_IN_PART_FUNC_ERROR,common
1503,ER_UNIQUE_KEY_NEED_ALL_FIELDS_IN_PF,common
1504,ER_NO_PARTS_ERROR,common
1505,ER_PARTITION_MGMT_ON_NONPARTITIONED,common
1506,ER_FEATURE_NOT_SUPPORTED_WITH_PARTITIONING,mariadb
1506,ER_FOREIGN_KEY_ON_PARTITIONED,mysql
1507,ER_DROP_PARTITION_NON_EXISTENT,common
1508,ER_DROP_LAST_PARTITION,common
1509,ER_COALESCE_ONLY_ON_HASH_PARTITION,common
1510,ER_REORG_HASH_ONLY_ON_SAME_NO,common
1511,ER_REORG_NO_PARAM_ERROR,common
1512,ER_ONLY_ON_RANGE_LIST_PARTITION,common
1513,ER_ADD_PARTITION_SUBPART_ERROR,common
1514,ER_ADD_PARTITION_NO_NEW_PARTITION,common
1515,ER_COALESCE_PARTITION_NO_PARTITION,common
1516,ER_REORG_PARTITION_NOT_EXIST,common
1517,ER_SAME_NAME_PARTITION,common
1518,ER_NO_BINLOG_ERROR,common
1519,ER_CONSECUTIVE_REORG_PARTITIONS,common
1520,ER_REORG_OUTSIDE_RANGE,common
1521,ER_PARTITION_FUNCTION_FAILURE,common
1522,ER_PART_STATE_ERROR,common
1523,ER_LIMITED_PART_RANGE,common
1524,ER_PLUGIN_IS_NOT_LOADED,common
1525,ER_WRONG_VALUE,common
1526,ER_NO_PARTITION_FOR_GIVEN_VALUE,common
1527,ER_FILEGROUP_OPTION_ONLY_ONCE,common
1528,ER_CREATE_FILEGROUP_FAILED,common
1529,ER_DROP_FILEGROUP_FAILED,common
1530,ER_TABLESPACE_AUTO_EXTEND_ERROR,common
1531,ER_WRONG_SIZE_NUMBER,common
1532,ER_SIZE_OVERFLOW_ERROR,common
1533,ER_ALTER_FILEGROUP_FAILED,common
1534,ER_BINLOG_ROW_LOGGING_FAILED,common
1535,ER_BINLOG_ROW_WRONG_TABLE_DEF,common
1536,ER_BINLOG_ROW_RBR_TO_SBR,common
1537,ER_EVENT_ALREADY_EXISTS,common
1538,ER_EVENT_STORE_FAILED,common
1539,ER_EVENT_DOES_NOT_EXIST,common
1540,ER_EVENT_CANT_ALTER,common
1541,ER_EVENT_DROP_FAILED,common
1542,ER_EVENT_INTERVAL_NOT_POSITIVE_OR_TOO_BIG,common
1543,ER_EVENT_ENDS_BEFORE_STARTS,common
1544,ER_EVENT_EXEC_TIME_IN_THE_PAST,common
1545,ER_EVENT_OPEN_TABLE_FAILED,common
1546,ER_EVENT_NEITHER_M_EXPR_NOR_M_AT,common
1547,ER_OBSOLETE_COL_COUNT_DOESNT_MATCH_CORRUPTED,mysql
1548,ER_OBSOLETE_CANNOT_LOAD_FROM_TABLE,mysql
1549,ER_EVENT_CANNOT_DELETE,common
1550,ER_EVENT_COMPILE_ERROR,common
1551,ER_EVENT_SAME_NAME,common
1552,ER_EVENT_DATA_TOO_LONG,common
1553,ER_DROP_INDEX_FK,common
1554,ER_WARN_DEPRECATED_SYNTAX_WITH_VER,common
1555,ER_CANT_WRITE_LOCK_LOG_TABLE,common
1556,ER_CANT_LOCK_LOG_TABLE,common
1557,ER_FOREIGN_DUPLICATE_KEY_OLD_UNUSED,mysql
1558,ER_COL_COUNT_DOESNT_MATCH_PLEASE_UPDATE,common
1559,ER_TEMP_TABLE_PREVENTS_SWITCH_OUT_OF_RBR,common
1560,ER_STORED_FUNCTION_PREVENTS_SWITCH_BINLOG_FORMAT,common
1561,ER_NDB_CANT_SWITCH_BINLOG_FORMAT,mysql
1562,ER_PARTITION_NO_TEMPORARY,common
1563,ER_PARTITION_CONST_DOMAIN_ERROR,common
1564,ER_PARTITION_FUNCTION_IS_NOT_ALLOWED,common
1565,ER_DDL_LOG_ERROR,common
1566,ER_NULL_IN_VALUES_LESS_THAN,common
1567,ER_WRONG_PARTITION_NAME,common
1568,ER_CANT_CHANGE_TX_CHARACTERISTICS,common
1569,ER_DUP_ENTRY_AUTOINCREMENT_CASE,common
1570,ER_EVENT_MODIFY_QUEUE_ERROR,common
1571,ER_EVENT_SET_VAR_ERROR,common
1572,ER_PARTITION_MERGE_ERROR,common
1573,ER_CANT_ACTIVATE_LOG,common
1574,ER_RBR_NOT_AVAILABLE,common
1575,ER_BASE64_DECODE_ERROR,common
1576,ER_EVENT_RECURSION_FORBIDDEN,common
1577,ER_EVENTS_DB_ERROR,common
1578,ER_ONLY_INTEGERS_ALLOWED,common
1579,ER_UNSUPORTED_LOG_ENGINE,common
1580,ER_BAD_LOG_STATEMENT,common
1581,ER_CANT_RENAME_LOG_TABLE,common
1582,ER_WRONG_PARAMCOUNT_TO_NATIVE_FCT,common
1583,ER_WRONG_PARAMETERS_TO_NATIVE_FCT,common
1584,ER_WRONG_PARAMETERS_TO_STORED_FCT,common
1585,ER_NATIVE_FCT_NAME_COLLISION,common
1586,ER_DUP_ENTRY_WITH_KEY_NAME,common
1587,ER_BINLOG_PURGE_EMFILE,common
1588,ER_EVENT_CANNOT_CREATE_IN_THE_PAST,common
1589,ER_EVENT_CANNOT_ALTER_IN_THE_PAST,common
1590,ER_SLAVE_INCIDENT,common
1591,ER_NO_PARTITION_FOR_GIVEN_VALUE_SILENT,common
1592,ER_BINLOG_UNSAFE_STATEMENT,common
1593,ER_SLAVE_FATAL_ERROR,mariadb
1593,ER_BINLOG_FATAL_ERROR,mysql
1594,ER_SLAVE_RELAY_LOG_READ_FAILURE,common
1595,ER_SLAVE_RELAY_LOG_WRITE_FAILURE,common
1596,ER_SLAVE_CREATE_EVENT_FAILURE,common
1597,ER_SLAVE_MASTER_COM_FAILURE,common
1598,ER_BINLOG_LOGGING_IMPOSSIBLE,common
1599,ER_VIEW_NO_CREATION_CTX,common
1600,ER_VIEW_INVALID_CREATION_CTX,common
1601,ER_SR_INVALID_CREATION_CTX,common
1602,ER_TRG_CORRUPTED_FILE,common
1603,ER_TRG_NO_CREATION_CTX,common
1604,ER_TRG_INVALID_CREATION_CTX,common
1605,ER_EVENT_INVALID_CREATION_CTX,common
1606,ER_TRG_CANT_OPEN_TABLE,common
1607,ER_CANT_CREATE_SROUTINE,common
1608,ER_NEVER_USED,mysql
1609,ER_NO_FORMAT_DESCRIPTION_EVENT_BEFORE_BINLOG_STATEMENT,common
1610,ER_SLAVE_CORRUPT_EVENT,common
1611,ER_LOAD_DATA_INVALID_COLUMN,mariadb
1611,ER_LOAD_DATA_INVALID_COLUMN_UNUSED,mysql
1612,ER_LOG_PURGE_NO_FILE,common
1613,ER_XA_RBTIMEOUT,common
1614,ER_XA_RBDEADLOCK,common
1615,ER_NEED_REPREPARE,common
1616,ER_DELAYED_NOT_SUPPORTED,common
1617,WARN_NO_MASTER_INFO,common
1618,WARN_OPTION_IGNORED,common
1619,ER_PLUGIN_DELETE_BUILTIN,common
1620,WARN_PLUGIN_BUSY,common
1621,ER_VARIABLE_IS_READONLY,common
1622,ER_WARN_ENGINE_TRANSACTION_ROLLBACK,common
1623,ER_SLAVE_HEARTBEAT_FAILURE,common
1624,ER_SLAVE_HEARTBEAT_VALUE_OUT_OF_RANGE,common
1625,ER_NDB_REPLICATION_SCHEMA_ERROR,mysql
1626,ER_CONFLICT_FN_PARSE_ERROR,common
1627,ER_EXCEPTIONS_WRITE_ERROR,common
1628,ER_TOO_LONG_TABLE_COMMENT,common
1629,ER_TOO_LONG_FIELD_COMMENT,common
1630,ER_FUNC_INEXISTENT_NAME_COLLISION,common
1631,ER_DATABASE_NAME,common
1632,ER_TABLE_NAME,common
1633,ER_PARTITION_NAME,common
1634,ER_SUBPARTITION_NAME,common
1635,ER_TEMPORARY_NAME,common
1636,ER_RENAMED_NAME,common
1637,ER_TOO_MANY_CONCURRENT_TRXS,common
1638,WARN_NON_ASCII_SEPARATOR_NOT_IMPLEMENTED,common
1639,ER_DEBUG_SYNC_TIMEOUT,common
1640,ER_DEBUG_SYNC_HIT_LIMIT,common
1641,ER_DUP_SIGNAL_SET,common
1642,ER_SIGNAL_WARN,common
1643,ER_SIGNAL_NOT_FOUND,common
1644,ER_SIGNAL_EXCEPTION,common
1645,ER_RESIGNAL_WITHOUT_ACTIVE_HANDLER,common
1646,ER_SIGNAL_BAD_CONDITION_TYPE,common
1647,WARN_COND_ITEM_TRUNCATED,common
1648,ER_COND_ITEM_TOO_LONG,common
1649,ER_UNKNOWN_LOCALE,common
1650,ER_SLAVE_IGNORE_SERVER_IDS,common
1651,ER_QUERY_CACHE_DISABLED,common
1652,ER_SAME_NAME_PARTITION_FIELD,common
1653,ER_PARTITION_COLUMN_LIST_ERROR,common
1654,ER_WRONG_TYPE_COLUMN_VALUE_ERROR,common
1655,ER_TOO_MANY_PARTITION_FUNC_FIELDS_ERROR,common
1656,ER_MAXVALUE_IN_VALUES_IN,common
1657,ER_TOO_MANY_VALUES_ERROR,common
1658,ER_ROW_SINGLE_PARTITION_FIELD_ERROR,common
1659,ER_FIELD_TYPE_NOT_ALLOWED_AS_PARTITION_FIELD,common
1660,ER_PARTITION_FIELDS_TOO_LONG,common
1661,ER_BINLOG_ROW_ENGINE_AND_STMT_ENGINE,common
1662,ER_BINLOG_ROW_MODE_AND_STMT_ENGINE,common
1663,ER_BINLOG_UNSAFE_AND_STMT_ENGINE,common
1664,ER_BINLOG_ROW_INJECTION_AND_STMT_ENGINE,common
1665,ER_BINLOG_STMT_MODE_AND_ROW_ENGINE,common
1666,ER_BINLOG_ROW_INJECTION_AND_STMT_MODE,common
1667,ER_BINLOG_MULTIPLE_ENGINES_AND_SELF_LOGGING_ENGINE,common
1668,ER_BINLOG_UNSAFE_LIMIT,common
1669,ER_BINLOG_UNSAFE_INSERT_DELAYED,mariadb
1670,ER_BINLOG_UNSAFE_SYSTEM_TABLE,common
1671,ER_BINLOG_UNSAFE_AUTOINC_COLUMNS,common
1672,ER_BINLOG_UNSAFE_UDF,common
1673,ER_BINLOG_UNSAFE_SYSTEM_VARIABLE,common
1674,ER_BINLOG_UNSAFE_SYSTEM_FUNCTION,common
1675,ER_BINLOG_UNSAFE_NONTRANS_AFTER_TRANS,common
1676,ER_MESSAGE_AND_STATEMENT,common
1677,ER_SLAVE_CONVERSION_FAILED,common
1678,ER_SLAVE_CANT_CREATE_CONVERSION,common
1679,ER_INSIDE_TRANSACTION_PREVENTS_SWITCH_BINLOG_FORMAT,common
1680,ER_PATH_LENGTH,common
1681,ER_WARN_DEPRECATED_SYNTAX_NO_REPLACEMENT,common
1682,ER_WRONG_NATIVE_TABLE_STRUCTURE,common
1683,ER_WRONG_PERFSCHEMA_USAGE,common
1684,ER_WARN_I_S_SKIPPED_TABLE,common
1685,ER_INSIDE_TRANSACTION_PREVENTS_SWITCH_BINLOG_DIRECT,common
1686,ER_STORED_FUNCTION_PREVENTS_SWITCH_BINLOG_DIRECT,common
1687,ER_SPATIAL_MUST_HAVE_GEOM_COL,common
1688,ER_TOO_LONG_INDEX_COMMENT,common
1689,ER_LOCK_ABORTED,common
1690,ER_DATA_OUT_OF_RANGE,common
1691,ER_WRONG_SPVAR_TYPE_IN_LIMIT,common
1692,ER_BINLOG_UNSAFE_MULTIPLE_ENGINES_AND_SELF_LOGGING_ENGINE,common
1693,ER_BINLOG_UNSAFE_MIXED_STATEMENT,common
1694,ER_INSIDE_TRANSACTION_PREVENTS_SWITCH_SQL_LOG_BIN,common
1695,ER_STORED_FUNCTION_PREVENTS_SWITCH_SQL_LOG_BIN,common
1696,ER_FAILED_READ_FROM_PAR_FILE,common
1697,ER_VALUES_IS_NOT_INT_TYPE_ERROR,common
1698,ER_ACCESS_DENIED_NO_PASSWORD_ERROR,common
1699,ER_SET_PASSWORD_AUTH_PLUGIN,common
1700,ER_GRANT_PLUGIN_USER_EXISTS,common
1701,ER_TRUNCATE_ILLEGAL_FK,common
1702,ER_PLUGIN_IS_PERMANENT,common
1703,ER_SLAVE_HEARTBEAT_VALUE_OUT_OF_RANGE_MIN,common
1704,ER_SLAVE_HEARTBEAT_VALUE_OUT_OF_RANGE_MAX,common
1705,ER_STMT_CACHE_FULL,common
1706,ER_MULTI_UPDATE_KEY_CONFLICT,common
1707,ER_TABLE_NEEDS_REBUILD,common
1708,WARN_OPTION_BELOW_LIMIT,common
1709,ER_INDEX_COLUMN_TOO_LONG,common
1710,ER_ERROR_IN_TRIGGER_BODY,common
1711,ER_ERROR_IN_UNKNOWN_TRIGGER_BODY,common
1712,ER_INDEX_CORRUPT,common
1713,ER_UNDO_RECORD_TOO_BIG,common
1714,ER_BINLOG_UNSAFE_INSERT_IGNORE_SELECT,common
1715,ER_BINLOG_UNSAFE_INSERT_SELECT_UPDATE,common
1716,ER_BINLOG_UNSAFE_REPLACE_SELECT,common
1717,ER_BINLOG_UNSAFE_CREATE_IGNORE_SELECT,common
1718,ER_BINLOG_UNSAFE_CREATE_REPLACE_SELECT,common
1719,ER_BINLOG_UNSAFE_UPDATE_IGNORE,common
1720,ER_PLUGIN_NO_UNINSTALL,mysql
1721,ER_PLUGIN_NO_INSTALL,mysql
1722,ER_BINLOG_UNSAFE_WRITE_AUTOINC_SELECT,common
1723,ER_BINLOG_UNSAFE_CREATE_SELECT_AUTOINC,common
1724,ER_BINLOG_UNSAFE_INSERT_TWO_KEYS,common
1725,ER_TABLE_IN_FK_CHECK,mysql
1726,ER_VERS_NOT_ALLOWED,mariadb
1726,ER_UNSUPPORTED_ENGINE,mysql
1727,ER_BINLOG_UNSAFE_AUTOINC_NOT_FIRST,common
1728,ER_CANNOT_LOAD_FROM_TABLE_V2,common
1729,ER_MASTER_DELAY_VALUE_OUT_OF_RANGE,common
1730,ER_ONLY_FD_AND_RBR_EVENTS_ALLOWED_IN_BINLOG_STATEMENT,common
1731,ER_PARTITION_EXCHANGE_DIFFERENT_OPTION,common
1732,ER_PARTITION_EXCHANGE_PART_TABLE,common
1733,ER_PARTITION_EXCHANGE_TEMP_TABLE,common
1734,ER_PARTITION_INSTEAD_OF_SUBPARTITION,common
1735,ER_UNKNOWN_PARTITION,common
1736,ER_TABLES_DIFFERENT_METADATA,common
1737,ER_ROW_DOES_NOT_MATCH_PARTITION,common
1738,ER_BINLOG_CACHE_SIZE_GREATER_THAN_MAX,common
1739,ER_WARN_INDEX_NOT_APPLICABLE,common
1740,ER_PARTITION_EXCHANGE_FOREIGN_KEY,common
1741,ER_NO_SUCH_KEY_VALUE,common
1742,ER_VALUE_TOO_LONG,mariadb
1742,ER_RPL_INFO_DATA_TOO_LONG,mysql
1743,ER_NETWORK_READ_EVENT_CHECKSUM_FAILURE,common
1744,ER_BINLOG_READ_EVENT_CHECKSUM_FAILURE,common
1745,ER_BINLOG_STMT_CACHE_SIZE_GREATER_THAN_MAX,common
1746,ER_CANT_UPDATE_TABLE_IN_CREATE_TABLE_SELECT,common
1747,ER_PARTITION_CLAUSE_ON_NONPARTITIONED,common
1748,ER_ROW_DOES_NOT_MATCH_GIVEN_PARTITION_SET,common
1749,ER_NO_SUCH_PARTITION__UNUSED,mysql
1750,ER_CHANGE_RPL_INFO_REPOSITORY_FAILURE,common
1751,ER_WARNING_NOT_COMPLETE_ROLLBACK_WITH_CREATED_TEMP_TABLE,common
1752,ER_WARNING_NOT_COMPLETE_ROLLBACK_WITH_DROPPED_TEMP_TABLE,common
1753,ER_MTS_FEATURE_IS_NOT_SUPPORTED,common
1754,ER_MTS_UPDATED_DBS_GREATER_MAX,common
1755,ER_MTS_CANT_PARALLEL,common
1756,ER_MTS_INCONSISTENT_DATA,common
1757,ER_FULLTEXT_NOT_SUPPORTED_WITH_PARTITIONING,common
1758,ER_DA_INVALID_CONDITION_NUMBER,common
1759,ER_INSECURE_PLAIN_TEXT,common
1760,ER_INSECURE_CHANGE_MASTER,common
1761,ER_FOREIGN_DUPLICATE_KEY_WITH_CHILD_INFO,common
1762,ER_FOREIGN_DUPLICATE_KEY_WITHOUT_CHILD_INFO,common
1763,ER_SQLTHREAD_WITH_SECURE_SLAVE,common
1764,ER_TABLE_HAS_NO_FT,common
1765,ER_VARIABLE_NOT_SETTABLE_IN_SF_OR_TRIGGER,common
1766,ER_VARIABLE_NOT_SETTABLE_IN_TRANSACTION,common
1767,ER_GTID_NEXT_IS_NOT_IN_GTID_NEXT_LIST,common
1768,ER_CANT_CHANGE_GTID_NEXT_IN_TRANSACTION_WHEN_GTID_NEXT_LIST_IS_NULL,mariadb
1768,ER_CANT_CHANGE_GTID_NEXT_IN_TRANSACTION,mysql
1769,ER_SET_STATEMENT_CANNOT_INVOKE_FUNCTION,common
1770,ER_GTID_NEXT_CANT_BE_AUTOMATIC_IF_GTID_NEXT_LIST_IS_NON_NULL,common
1771,ER_SKIPPING_LOGGED_TRANSACTION,common
1772,ER_MALFORMED_GTID_SET_SPECIFICATION,common
1773,ER_MALFORMED_GTID_SET_ENCODING,common
1774,ER_MALFORMED_GTID_SPECIFICATION,common
1775,ER_GNO_EXHAUSTED,common
1776,ER_BAD_SLAVE_AUTO_POSITION,common
1777,ER_AUTO_POSITION_REQUIRES_GTID_MODE_ON,mariadb
1777,ER_AUTO_POSITION_REQUIRES_GTID_MODE_NOT_OFF,mysql
1778,ER_CANT_DO_IMPLICIT_COMMIT_IN_TRX_WHEN_GTID_NEXT_IS_SET,common
1779,ER_GTID_MODE_2_OR_3_REQUIRES_ENFORCE_GTID_CONSISTENCY_ON,mariadb
1779,ER_GTID_MODE_ON_REQUIRES_ENFORCE_GTID_CONSISTENCY_ON,mysql
1780,ER_GTID_MODE_REQUIRES_BINLOG,common
1781,ER_CANT_SET_GTID_NEXT_TO_GTID_WHEN_GTID_MODE_IS_OFF,common
1782,ER_CANT_SET_GTID_NEXT_TO_ANONYMOUS_WHEN_GTID_MODE_IS_ON,common
1783,ER_CANT_SET_GTID_NEXT_LIST_TO_NON_NULL_WHEN_GTID_MODE_IS_OFF,common
1784,ER_FOUND_GTID_EVENT_WHEN_GTID_MODE_IS_OFF,mariadb
1784,ER_FOUND_GTID_EVENT_WHEN_GTID_MODE_IS_OFF__UNUSED,mysql
1785,ER_GTID_UNSAFE_NON_TRANSACTIONAL_TABLE,common
1786,ER_GTID_UNSAFE_CREATE_SELECT,common
1787,ER_GTID_UNSAFE_CREATE_DROP_TEMPORARY_TABLE_IN_TRANSACTION,common
1788,ER_GTID_MODE_CAN_ONLY_CHANGE_ONE_STEP_AT_A_TIME,common
1789,ER_MASTER_HAS_PURGED_REQUIRED_GTIDS,common
1790,ER_CANT_SET_GTID_NEXT_WHEN_OWNING_GTID,common
1791,ER_UNKNOWN_EXPLAIN_FORMAT,common
1792,ER_CANT_EXECUTE_IN_READ_ONLY_TRANSACTION,common
1793,ER_TOO_LONG_TABLE_PARTITION_COMMENT,common
1794,ER_SLAVE_CONFIGURATION,common
1795,ER_INNODB_FT_LIMIT,common
1796,ER_INNODB_NO_FT_TEMP_TABLE,common
1797,ER_INNODB_FT_WRONG_DOCID_COLUMN,common
1798,ER_INNODB_FT_WRONG_DOCID_INDEX,common
1799,ER_INNODB_ONLINE_LOG_TOO_BIG,common
1800,ER_UNKNOWN_ALTER_ALGORITHM,common
1801,ER_UNKNOWN_ALTER_LOCK,common
1802,ER_MTS_CHANGE_MASTER_CANT_RUN_WITH_GAPS,common
1803,ER_MTS_RECOVERY_FAILURE,common
1804,ER_MTS_RESET_WORKERS,common
1805,ER_COL_COUNT_DOESNT_MATCH_CORRUPTED_V2,common
1806,ER_SLAVE_SILENT_RETRY_TRANSACTION,common
1807,ER_DISCARD_FK_CHECKS_RUNNING,mysql
1808,ER_TABLE_SCHEMA_MISMATCH,common
1809,ER_TABLE_IN_SYSTEM_TABLESPACE,common
1810,ER_IO_READ_ERROR,common
1811,ER_IO_WRITE_ERROR,common
1812,ER_TABLESPACE_MISSING,common
1813,ER_TABLESPACE_EXISTS,common
1814,ER_TABLESPACE_DISCARDED,common
1815,ER_INTERNAL_ERROR,common
1816,ER_INNODB_IMPORT_ERROR,common
1817,ER_INNODB_INDEX_CORRUPT,common
1818,ER_INVALID_YEAR_COLUMN_LENGTH,common
1819,ER_NOT_VALID_PASSWORD,common
1820,ER_MUST_CHANGE_PASSWORD,common
1821,ER_FK_NO_INDEX_CHILD,common
1822,ER_FK_NO_INDEX_PARENT,common
1823,ER_FK_FAIL_ADD_SYSTEM,common
1824,ER_FK_CANNOT_OPEN_PARENT,common
1825,ER_FK_INCORRECT_OPTION,common
1826,ER_DUP_CONSTRAINT_NAME,mariadb
1826,ER_FK_DUP_NAME,mysql
1827,ER_PASSWORD_FORMAT,common
1828,ER_FK_COLUMN_CANNOT_DROP,common
1829,ER_FK_COLUMN_CANNOT_DROP_CHILD,common
1830,ER_FK_COLUMN_NOT_NULL,common
1831,ER_DUP_INDEX,common
1832,ER_FK_COLUMN_CANNOT_CHANGE,common
1833,ER_FK_COLUMN_CANNOT_CHANGE_CHILD,common
1834,ER_FK_CANNOT_DELETE_PARENT,mariadb
1835,ER_MALFORMED_PACKET,common
1836,ER_READ_ONLY_MODE,common
1837,ER_GTID_NEXT_TYPE_UNDEFINED_GROUP,mariadb
1837,ER_GTID_NEXT_TYPE_UNDEFINED_GTID,mysql
1838,ER_VARIABLE_NOT_SETTABLE_IN_SP,common
1839,ER_CANT_SET_GTID_PURGED_WHEN_GTID_MODE_IS_OFF,common
1840,ER_CANT_SET_GTID_PURGED_WHEN_GTID_EXECUTED_IS_NOT_EMPTY,common
1841,ER_CANT_SET_GTID_PURGED_WHEN_OWNED_GTIDS_IS_NOT_EMPTY,common
1842,ER_GTID_PURGED_WAS_CHANGED,common
1843,ER_GTID_EXECUTED_WAS_CHANGED,common
1844,ER_BINLOG_STMT_MODE_AND_NO_REPL_TABLES,common
1845,ER_ALTER_OPERATION_NOT_SUPPORTED,common
1846,ER_ALTER_OPERATION_NOT_SUPPORTED_REASON,common
1847,ER_ALTER_OPERATION_NOT_SUPPORTED_REASON_COPY,common
1848,ER_ALTER_OPERATION_NOT_SUPPORTED_REASON_PARTITION,common
1849,ER_ALTER_OPERATION_NOT_SUPPORTED_REASON_FK_RENAME,common
1850,ER_ALTER_OPERATION_NOT_SUPPORTED_REASON_COLUMN_TYPE,common
1851,ER_ALTER_OPERATION_NOT_SUPPORTED_REASON_FK_CHECK,common
1852,ER_ALTER_OPERATION_NOT_SUPPORTED_REASON_IGNORE,mariadb
1853,ER_ALTER_OPERATION_NOT_SUPPORTED_REASON_NOPK,common
1854,ER_ALTER_OPERATION_NOT_SUPPORTED_REASON_AUTOINC,common
1855,ER_ALTER_OPERATION_NOT_SUPPORTED_REASON_HIDDEN_FTS,common
1856,ER_ALTER_OPERATION_NOT_SUPPORTED_REASON_CHANGE_FTS,common
1857,ER_ALTER_OPERATION_NOT_SUPPORTED_REASON_FTS,common
1858,ER_SQL_SLAVE_SKIP_COUNTER_NOT_SETTABLE_IN_GTID_MODE,common
1859,ER_DUP_UNKNOWN_IN_INDEX,common
1860,ER_IDENT_CAUSES_TOO_LONG_PATH,common
1861,ER_ALTER_OPERATION_NOT_SUPPORTED_REASON_NOT_NULL,common
1862,ER_MUST_CHANGE_PASSWORD_LOGIN,common
1863,ER_ROW_IN_WRONG_PARTITION,common
1864,ER_MTS_EVENT_BIGGER_PENDING_JOBS_SIZE_MAX,common
1865,ER_INNODB_NO_FT_USES_PARSER,common
1866,ER_BINLOG_LOGICAL_CORRUPTION,common
1867,ER_WARN_PURGE_LOG_IN_USE,common
1868,ER_WARN_PURGE_LOG_IS_ACTIVE,common
1869,ER_AUTO_INCREMENT_CONFLICT,common
1870,WARN_ON_BLOCKHOLE_IN_RBR,common
1871,ER_SLAVE_MI_INIT_REPOSITORY,common
1872,ER_SLAVE_RLI_INIT_REPOSITORY,common
1873,ER_ACCESS_DENIED_CHANGE_USER_ERROR,common
1874,ER_INNODB_READ_ONLY,common
1875,ER_STOP_SLAVE_SQL_THREAD_TIMEOUT,common
1876,ER_STOP_SLAVE_IO_THREAD_TIMEOUT,common
1877,ER_TABLE_CORRUPT,common
1878,ER_TEMP_FILE_WRITE_FAILURE,common
1879,ER_INNODB_FT_AUX_NOT_HEX_ID,common
1880,ER_OLD_TEMPORALS_UPGRADED,mysql
1881,ER_INNODB_FORCED_RECOVERY,mysql
1882,ER_AES_INVALID_IV,mysql
1883,ER_PLUGIN_CANNOT_BE_UNINSTALLED,mysql
1884,ER_GTID_UNSAFE_BINLOG_SPLITTABLE_STATEMENT_AND_ASSIGNED_GTID,mysql
1885,ER_SLAVE_HAS_MORE_GTIDS_THAN_MASTER,mysql
1886,ER_MISSING_KEY,mysql
1887,WARN_NAMED_PIPE_ACCESS_EVERYONE,mysql
1888,ER_FOUND_MISSING_GTIDS,mysql
1901,ER_GENERATED_COLUMN_FUNCTION_IS_NOT_ALLOWED,mariadb
1903,ER_PRIMARY_KEY_BASED_ON_GENERATED_COLUMN,mariadb
1904,ER_KEY_BASED_ON_GENERATED_VIRTUAL_COLUMN,mariadb
1905,ER_WRONG_FK_OPTION_FOR_GENERATED_COLUMN,mariadb
1906,ER_WARNING_NON_DEFAULT_VALUE_FOR_GENERATED_COLUMN,mariadb
1907,ER_UNSUPPORTED_ACTION_ON_GENERATED_COLUMN,mariadb
1910,ER_UNSUPPORTED_ENGINE_FOR_GENERATED_COLUMNS,mariadb
1911,ER_UNKNOWN_OPTION,mariadb
1912,ER_BAD_OPTION_VALUE,mariadb
1916,ER_DATA_OVERFLOW,mariadb
1917,ER_DATA_TRUNCATED,mariadb
1918,ER_BAD_DATA,mariadb
1919,ER_DYN_COL_WRONG_FORMAT,mariadb
1920,ER_DYN_COL_IMPLEMENTATION_LIMIT,mariadb
1921,ER_DYN_COL_DATA,mariadb
1922,ER_DYN_COL_WRONG_CHARSET,mariadb
1923,ER_ILLEGAL_SUBQUERY_OPTIMIZER_SWITCHES,mariadb
1924,ER_QUERY_CACHE_IS_DISABLED,mariadb
1925,ER_QUERY_CACHE_IS_GLOBALY_DISABLED,mariadb
1926,ER_VIEW_ORDERBY_IGNORED,mariadb
1927,ER_CONNECTION_KILLED,mariadb
1929,ER_INSIDE_TRANSACTION_PREVENTS_SWITCH_SKIP_REPLICATION,mariadb
1930,ER_STORED_FUNCTION_PREVENTS_SWITCH_SKIP_REPLICATION,mariadb
1931,ER_QUERY_EXCEEDED_ROWS_EXAMINED_LIMIT,mariadb
1932,ER_NO_SUCH_TABLE_IN_ENGINE,mariadb
1933,ER_TARGET_NOT_EXPLAINABLE,mariadb
1934,ER_CONNECTION_ALREADY_EXISTS,mariadb
1935,ER_MASTER_LOG_PREFIX,mariadb
1936,ER_CANT_START_STOP_SLAVE,mariadb
1937,ER_SLAVE_STARTED,mariadb
1938,ER_SLAVE_STOPPED,mariadb
1939,ER_SQL_DISCOVER_ERROR,mariadb
1940,ER_FAILED_GTID_STATE_INIT,mariadb
1941,ER_INCORRECT_GTID_STATE,mariadb
1942,ER_CANNOT_UPDATE_GTID_STATE,mariadb
1943,ER_DUPLICATE_GTID_DOMAIN,mariadb
1944,ER_GTID_OPEN_TABLE_FAILED,mariadb
1945,ER_GTID_POSITION_NOT_FOUND_IN_BINLOG,mariadb
1946,ER_CANNOT_LOAD_SLAVE_GTID_STATE,mariadb
1947,ER_MASTER_GTID_POS_CONFLICTS_WITH_BINLOG,mariadb
1948,ER_MASTER_GTID_POS_MISSING_DOMAIN,mariadb
1949,ER_UNTIL_REQUIRES_USING_GTID,mariadb
1950,ER_GTID_STRICT_OUT_OF_ORDER,mariadb
1951,ER_GTID_START_FROM_BINLOG_HOLE,mariadb
1952,ER_SLAVE_UNEXPECTED_MASTER_SWITCH,mariadb
1953,ER_INSIDE_TRANSACTION_PREVENTS_SWITCH_GTID_DOMAIN_ID_SEQ_NO,mariadb
1954,ER_STORED_FUNCTION_PREVENTS_SWITCH_GTID_DOMAIN_ID_SEQ_NO,mariadb
1955,ER_GTID_POSITION_NOT_FOUND_IN_BINLOG2,mariadb
1956,ER_BINLOG_MUST_BE_EMPTY,mariadb
1957,ER_NO_SUCH_QUERY,mariadb
1958,ER_BAD_BASE64_DATA,mariadb
1959,ER_INVALID_ROLE,mariadb
1960,ER_INVALID_CURRENT_USER,mariadb
1961,ER_CANNOT_GRANT_ROLE,mariadb
1962,ER_CANNOT_REVOKE_ROLE,mariadb
1963,ER_CHANGE_SLAVE_PARALLEL_THREADS_ACTIVE,mariadb
1964,ER_PRIOR_COMMIT_FAILED,mariadb
1965,ER_IT_IS_A_VIEW,mariadb
1966,ER_SLAVE_SKIP_NOT_IN_GTID,mariadb
1967,ER_TABLE_DEFINITION_TOO_BIG,mariadb
1968,ER_PLUGIN_INSTALLED,mariadb
1969,ER_STATEMENT_TIMEOUT,mariadb
1970,ER_SUBQUERIES_NOT_SUPPORTED,mariadb
1971,ER_SET_STATEMENT_NOT_SUPPORTED,mariadb
1973,ER_USER_CREATE_EXISTS,mariadb
1974,ER_USER_DROP_EXISTS,mariadb
1975,ER_ROLE_CREATE_EXISTS,mariadb
1976,ER_ROLE_DROP_EXISTS,mariadb
1977,ER_CANNOT_CONVERT_CHARACTER,mariadb
1978,ER_INVALID_DEFAULT_VALUE_FOR_FIELD,mariadb
1979,ER_KILL_QUERY_DENIED_ERROR,mariadb
1980,ER_NO_EIS_FOR_FIELD,mariadb
1981,ER_WARN_AGGFUNC_DEPENDENCE,mariadb
1982,WARN_INNODB_PARTITION_OPTION_IGNORED,mariadb
3000,ER_FILE_CORRUPT,mariadb
3000,ER_FILE_CORRUPT,mysql
3001,ER_ERROR_ON_MASTER,mariadb
3001,ER_ERROR_ON_MASTER,mysql
3002,ER_INCONSISTENT_ERROR,mariadb
3002,ER_INCONSISTENT_ERROR,mysql
3003,ER_STORAGE_ENGINE_NOT_LOADED,mariadb
3003,ER_STORAGE_ENGINE_NOT_LOADED,mysql
3004,ER_GET_STACKED_DA_WITHOUT_ACTIVE_HANDLER,mariadb
3004,ER_GET_STACKED_DA_WITHOUT_ACTIVE_HANDLER,mysql
3005,ER_WARN_LEGACY_SYNTAX_CONVERTED,mariadb
3005,ER_WARN_LEGACY_SYNTAX_CONVERTED,mysql
3006,ER_BINLOG_UNSAFE_FULLTEXT_PLUGIN,mariadb
3006,ER_BINLOG_UNSAFE_FULLTEXT_PLUGIN,mysql
3007,ER_CANNOT_DISCARD_TEMPORARY_TABLE,mariadb
3007,ER_CANNOT_DISCARD_TEMPORARY_TABLE,mysql
3008,ER_FK_DEPTH_EXCEEDED,mariadb
3008,ER_FK_DEPTH_EXCEEDED,mysql
3009,ER_COL_COUNT_DOESNT_MATCH_PLEASE_UPDATE_V2,mariadb
3009,ER_COL_COUNT_DOESNT_MATCH_PLEASE_UPDATE_V2,mysql
3010,ER_WARN_TRIGGER_DOESNT_HAVE_CREATED,mariadb
3010,ER_WARN_TRIGGER_DOESNT_HAVE_CREATED,mysql
3011,ER_REFERENCED_TRG_DOES_NOT_EXIST_MYSQL,mariadb
3011,ER_REFERENCED_TRG_DOES_NOT_EXIST,mysql
3012,ER_EXPLAIN_NOT_SUPPORTED,mariadb
3012,ER_EXPLAIN_NOT_SUPPORTED,mysql
3013,ER_INVALID_FIELD_SIZE,mariadb
3013,ER_INVALID_FIELD_SIZE,mysql
3014,ER_MISSING_HA_CREATE_OPTION,mariadb
3014,ER_MISSING_HA_CREATE_OPTION,mysql
3015,ER_ENGINE_OUT_OF_MEMORY,mariadb
3015,ER_ENGINE_OUT_OF_MEMORY,mysql
3016,ER_PASSWORD_EXPIRE_ANONYMOUS_USER,mariadb
3016,ER_PASSWORD_EXPIRE_ANONYMOUS_USER,mysql
3017,ER_SLAVE_SQL_THREAD_MUST_STOP,mariadb
3017,ER_SLAVE_SQL_THREAD_MUST_STOP,mysql
3018,ER_NO_FT_MATERIALIZED_SUBQUERY,mariadb
3018,ER_NO_FT_MATERIALIZED_SUBQUERY,mysql
3019,ER_INNODB_UNDO_LOG_FULL,mariadb
3019,ER_INNODB_UNDO_LOG_FULL,mysql
3020,ER_INVALID_ARGUMENT_FOR_LOGARITHM,mariadb
3020,ER_INVALID_ARGUMENT_FOR_LOGARITHM,mysql
3021,ER_SLAVE_CHANNEL_IO_THREAD_MUST_STOP,mariadb
3021,ER_SLAVE_CHANNEL_IO_THREAD_MUST_STOP,mysql
3022,ER_WARN_OPEN_TEMP_TABLES_MUST_BE_ZERO,mariadb
3022,ER_WARN_OPEN_TEMP_TABLES_MUST_BE_ZERO,mysql
3023,ER_WARN_ONLY_MASTER_LOG_FILE_NO_POS,mariadb
3023,ER_WARN_ONLY_MASTER_LOG_FILE_NO_POS,mysql
3024,ER_QUERY_TIMEOUT,mariadb
3024,ER_QUERY_TIMEOUT,mysql
3025,ER_NON_RO_SELECT_DISABLE_TIMER,mariadb
3025,ER_NON_RO_SELECT_DISABLE_TIMER,mysql
3026,ER_DUP_LIST_ENTRY,mariadb
3026,ER_DUP_LIST_ENTRY,mysql
3027,ER_SQL_MODE_NO_EFFECT,mariadb
3027,ER_SQL_MODE_NO_EFFECT,mysql
3028,ER_AGGREGATE_ORDER_FOR_UNION,mariadb
3028,ER_AGGREGATE_ORDER_FOR_UNION,mysql
3029,ER_AGGREGATE_ORDER_NON_AGG_QUERY,mariadb
3029,ER_AGGREGATE_ORDER_NON_AGG_QUERY,mysql
3030,ER_SLAVE_WORKER_STOPPED_PREVIOUS_THD_ERROR,mariadb
3030,ER_SLAVE_WORKER_STOPPED_PREVIOUS_THD_ERROR,mysql
3031,ER_DONT_SUPPORT_SLAVE_PRESERVE_COMMIT_ORDER,mariadb
3031,ER_DONT_SUPPORT_SLAVE_PRESERVE_COMMIT_ORDER,mysql
3032,ER_SERVER_OFFLINE_MODE,mariadb
3032,ER_SERVER_OFFLINE_MODE,mysql
3033,ER_GIS_DIFFERENT_SRIDS,mariadb
3033,ER_GIS_DIFFERENT_SRIDS,mysql
3034,ER_GIS_UNSUPPORTED_ARGUMENT,mariadb
3034,ER_GIS_UNSUPPORTED_ARGUMENT,mysql
3035,ER_GIS_UNKNOWN_ERROR,mariadb
3035,ER_GIS_UNKNOWN_ERROR,mysql
3036,ER_GIS_UNKNOWN_EXCEPTION,mariadb
3036,ER_GIS_UNKNOWN_EXCEPTION,mysql
3037,ER_GIS_INVALID_DATA,mariadb
3037,ER_GIS_INVALID_DATA,mysql
3038,ER_BOOST_GEOMETRY_EMPTY_INPUT_EXCEPTION,mariadb
3038,ER_BOOST_GEOMETRY_EMPTY_INPUT_EXCEPTION,mysql
3039,ER_BOOST_GEOMETRY_CENTROID_EXCEPTION,mariadb
3039,ER_BOOST_GEOMETRY_CENTROID_EXCEPTION,mysql
3040,ER_BOOST_GEOMETRY_OVERLAY_INVALID_INPUT_EXCEPTION,mariadb
3040,ER_BOOST_GEOMETRY_OVERLAY_INVALID_INPUT_EXCEPTION,mysql
3041,ER_BOOST_GEOMETRY_TURN_INFO_EXCEPTION,mariadb
3041,ER_BOOST_GEOMETRY_TURN_INFO_EXCEPTION,mysql
3042,ER_BOOST_GEOMETRY_SELF_INTERSECTION_POINT_EXCEPTION,mariadb
3042,ER_BOOST_GEOMETRY_SELF_INTERSECTION_POINT_EXCEPTION,mysql
3043,ER_BOOST_GEOMETRY_UNKNOWN_EXCEPTION,mariadb
3043,ER_BOOST_GEOMETRY_UNKNOWN_EXCEPTION,mysql
3044,ER_STD_BAD_ALLOC_ERROR,mariadb
3044,ER_STD_BAD_ALLOC_ERROR,mysql
3045,ER_STD_DOMAIN_ERROR,mariadb
3045,ER_STD_DOMAIN_ERROR,mysql
3046,ER_STD_LENGTH_ERROR,mariadb
3046,ER_STD_LENGTH_ERROR,mysql
3047,ER_STD_INVALID_ARGUMENT,mariadb
3047,ER_STD_INVALID_ARGUMENT,mysql
3048,ER_STD_OUT_OF_RANGE_ERROR,mariadb
3048,ER_STD_OUT_OF_RANGE_ERROR,mysql
3049,ER_STD_OVERFLOW_ERROR,mariadb
3049,ER_STD_OVERFLOW_ERROR,mysql
3050,ER_STD_RANGE_ERROR,mariadb
3050,ER_STD_RANGE_ERROR,mysql
3051,ER_STD_UNDERFLOW_ERROR,mariadb
3051,ER_STD_UNDERFLOW_ERROR,mysql
3052,ER_STD_LOGIC_ERROR,mariadb
3052,ER_STD_LOGIC_ERROR,mysql
3053,ER_STD_RUNTIME_ERROR,mariadb
3053,ER_STD_RUNTIME_ERROR,mysql
3054,ER_STD_UNKNOWN_EXCEPTION,mariadb
3054,ER_STD_UNKNOWN_EXCEPTION,mysql
3055,ER_GIS_DATA_WRONG_ENDIANESS,mariadb
3055,ER_GIS_DATA_WRONG_ENDIANESS,mysql
3056,ER_CHANGE_MASTER_PASSWORD_LENGTH,mariadb
3056,ER_CHANGE_MASTER_PASSWORD_LENGTH,mysql
3057,ER_USER_LOCK_WRONG_NAME,mariadb
3057,ER_USER_LOCK_WRONG_NAME,mysql
3058,ER_USER_LOCK_DEADLOCK,mariadb
3058,ER_USER_LOCK_DEADLOCK,mysql
3059,ER_REPLACE_INACCESSIBLE_ROWS,mariadb
3059,ER_REPLACE_INACCESSIBLE_ROWS,mysql
3060,ER_ALTER_OPERATION_NOT_SUPPORTED_REASON_GIS,mariadb
3060,ER_ALTER_OPERATION_NOT_SUPPORTED_REASON_GIS,mysql
3061,ER_ILLEGAL_USER_VAR,mysql
3062,ER_GTID_MODE_OFF,mysql
3063,ER_UNSUPPORTED_BY_REPLICATION_THREAD,mysql
3064,ER_INCORRECT_TYPE,mysql
3065,ER_FIELD_IN_ORDER_NOT_SELECT,mysql
3066,ER_AGGREGATE_IN_ORDER_NOT_SELECT,mysql
3067,ER_INVALID_RPL_WILD_TABLE_FILTER_PATTERN,mysql
3068,ER_NET_OK_PACKET_TOO_LARGE,mysql
3069,ER_INVALID_JSON_DATA,mysql
3070,ER_INVALID_GEOJSON_MISSING_MEMBER,mysql
3071,ER_INVALID_GEOJSON_WRONG_TYPE,mysql
3072,ER_INVALID_GEOJSON_UNSPECIFIED,mysql
3073,ER_DIMENSION_UNSUPPORTED,mysql
3074,ER_SLAVE_CHANNEL_DOES_NOT_EXIST,mysql
3075,ER_SLAVE_MULTIPLE_CHANNELS_HOST_PORT,mysql
3076,ER_SLAVE_CHANNEL_NAME_INVALID_OR_TOO_LONG,mysql
3077,ER_SLAVE_NEW_CHANNEL_WRONG_REPOSITORY,mysql
3078,ER_SLAVE_CHANNEL_DELETE,mysql
3079,ER_SLAVE_MULTIPLE_CHANNELS_CMD,mysql
3080,ER_SLAVE_MAX_CHANNELS_EXCEEDED,mysql
3081,ER_SLAVE_CHANNEL_MUST_STOP,mysql
3082,ER_SLAVE_CHANNEL_NOT_RUNNING,mysql
3083,ER_SLAVE_CHANNEL_WAS_RUNNING,mysql
3084,ER_SLAVE_CHANNEL_WAS_NOT_RUNNING,mysql
3085,ER_SLAVE_CHANNEL_SQL_THREAD_MUST_STOP,mysql
3086,ER_SLAVE_CHANNEL_SQL_SKIP_COUNTER,mysql
3087,ER_WRONG_FIELD_WITH_GROUP_V2,mysql
3088,ER_MIX_OF_GROUP_FUNC_AND_FIELDS_V2,mysql
3089,ER_WARN_DEPRECATED_SYSVAR_UPDATE,mysql
3090,ER_WARN_DEPRECATED_SQLMODE,mysql
3091,ER_CANNOT_LOG_PARTIAL_DROP_DATABASE_WITH_GTID,mysql
3092,ER_GROUP_REPLICATION_CONFIGURATION,mysql
3093,ER_GROUP_REPLICATION_RUNNING,mysql
3094,ER_GROUP_REPLICATION_APPLIER_INIT_ERROR,mysql
3095,ER_GROUP_REPLICATION_STOP_APPLIER_THREAD_TIMEOUT,mysql
3096,ER_GROUP_REPLICATION_COMMUNICATION_LAYER_SESSION_ERROR,mysql
3097,ER_GROUP_REPLICATION_COMMUNICATION_LAYER_JOIN_ERROR,mysql
3098,ER_BEFORE_DML_VALIDATION_ERROR,mysql
3099,ER_PREVENTS_VARIABLE_WITHOUT_RBR,mysql
3100,ER_RUN_HOOK_ERROR,mysql
3101,ER_TRANSACTION_ROLLBACK_DURING_COMMIT,mysql
3102,ER_GENERATED_COLUMN_FUNCTION_IS_NOT_ALLOWED,mysql
3103,ER_UNSUPPORTED_ALTER_INPLACE_ON_VIRTUAL_COLUMN,mysql
3104,ER_WRONG_FK_OPTION_FOR_GENERATED_COLUMN,mysql
3105,ER_NON_DEFAULT_VALUE_FOR_GENERATED_COLUMN,mysql
3106,ER_UNSUPPORTED_ACTION_ON_GENERATED_COLUMN,mysql
3107,ER_GENERATED_COLUMN_NON_PRIOR,mysql
3108,ER_DEPENDENT_BY_GENERATED_COLUMN,mysql
3109,ER_GENERATED_COLUMN_REF_AUTO_INC,mysql
3110,ER_FEATURE_NOT_AVAILABLE,mysql
3111,ER_CANT_SET_GTID_MODE,mysql
3112,ER_CANT_USE_AUTO_POSITION_WITH_GTID_MODE_OFF,mysql
3113,ER_CANT_REPLICATE_ANONYMOUS_WITH_AUTO_POSITION,mysql
3114,ER_CANT_REPLICATE_ANONYMOUS_WITH_GTID_MODE_ON,mysql
3115,ER_CANT_REPLICATE_GTID_WITH_GTID_MODE_OFF,mysql
3116,ER_CANT_ENFORCE_GTID_CONSISTENCY_WITH_ONGOING_GTID_VIOLATING_TX,mysql
3117,ER_ENFORCE_GTID_CONSISTENCY_WARN_WITH_ONGOING_GTID_VIOLATING_TX,mysql
3118,ER_ACCOUNT_HAS_BEEN_LOCKED,mysql
3119,ER_WRONG_TABLESPACE_NAME,mysql
3120,ER_TABLESPACE_IS_NOT_EMPTY,mysql
3121,ER_WRONG_FILE_NAME,mysql
3122,ER_BOOST_GEOMETRY_INCONSISTENT_TURNS_EXCEPTION,mysql
3123,ER_WARN_OPTIMIZER_HINT_SYNTAX_ERROR,mysql
3124,ER_WARN_BAD_MAX_EXECUTION_TIME,mysql
3125,ER_WARN_UNSUPPORTED_MAX_EXECUTION_TIME,mysql
3126,ER_WARN_CONFLICTING_HINT,mysql
3127,ER_WARN_UNKNOWN_QB_NAME,mysql
3128,ER_UNRESOLVED_HINT_NAME,mysql
3129,ER_WARN_ON_MODIFYING_GTID_EXECUTED_TABLE,mysql
3130,ER_PLUGGABLE_PROTOCOL_COMMAND_NOT_SUPPORTED,mysql
3131,ER_LOCKING_SERVICE_WRONG_NAME,mysql
3132,ER_LOCKING_SERVICE_DEADLOCK,mysql
3133,ER_LOCKING_SERVICE_TIMEOUT,mysql
3134,ER_GIS_MAX_POINTS_IN_GEOMETRY_OVERFLOWED,mysql
3135,ER_SQL_MODE_MERGED,mysql
3136,ER_VTOKEN_PLUGIN_TOKEN_MISMATCH,mysql
3137,ER_VTOKEN_PLUGIN_TOKEN_NOT_FOUND,mysql
3138,ER_CANT_SET_VARIABLE_WHEN_OWNING_GTID,mysql
3139,ER_SLAVE_CHANNEL_OPERATION_NOT_ALLOWED,mysql
3140,ER_INVALID_JSON_TEXT,mysql
3141,ER_INVALID_JSON_TEXT_IN_PARAM,mysql
3142,ER_INVALID_JSON_BINARY_DATA,mysql
3143,ER_INVALID_JSON_PATH,mysql
3144,ER_INVALID_JSON_CHARSET,mysql
3145,ER_INVALID_JSON_CHARSET_IN_FUNCTION,mysql
3146,ER_INVALID_TYPE_FOR_JSON,mysql
3147,ER_INVALID_CAST_TO_JSON,mysql
3148,ER_INVALID_JSON_PATH_CHARSET,mysql
3149,ER_INVALID_JSON_PATH_WILDCARD,mysql
3150,ER_JSON_VALUE_TOO_BIG,mysql
3151,ER_JSON_KEY_TOO_BIG,mysql
3152,ER_JSON_USED_AS_KEY,mysql
3153,ER_JSON_VACUOUS_PATH,mysql
3154,ER_JSON_BAD_ONE_OR_ALL_ARG,mysql
3155,ER_NUMERIC_JSON_VALUE_OUT_OF_RANGE,mysql
3156,ER_INVALID_JSON_VALUE_FOR_CAST,mysql
3157,ER_JSON_DOCUMENT_TOO_DEEP,mysql
3158,ER_JSON_DOCUMENT_NULL_KEY,mysql
3159,ER_SECURE_TRANSPORT_REQUIRED,mysql
3160,ER_NO_SECURE_TRANSPORTS_CONFIGURED,mysql
3161,ER_DISABLED_STORAGE_ENGINE,mysql
3162,ER_USER_DOES_NOT_EXIST,mysql
3163,ER_USER_ALREADY_EXISTS,mysql
3164,ER_AUDIT_API_ABORT,mysql
3165,ER_INVALID_JSON_PATH_ARRAY_CELL,mysql
3166,ER_BUFPOOL_RESIZE_INPROGRESS,mysql
3167,ER_FEATURE_DISABLED_SEE_DOC,mysql
3168,ER_SERVER_ISNT_AVAILABLE,mysql
3169,ER_SESSION_WAS_KILLED,mysql
3170,ER_CAPACITY_EXCEEDED,mysql
3171,ER_CAPACITY_EXCEEDED_IN_RANGE_OPTIMIZER,mysql
3172,ER_TABLE_NEEDS_UPG_PART,mysql
3173,ER_CANT_WAIT_FOR_EXECUTED_GTID_SET_WHILE_OWNING_A_GTID,mysql
3174,ER_CANNOT_ADD_FOREIGN_BASE_COL_VIRTUAL,mysql
3175,ER_CANNOT_CREATE_VIRTUAL_INDEX_CONSTRAINT,mysql
3176,ER_ERROR_ON_MODIFYING_GTID_EXECUTED_TABLE,mysql
3177,ER_LOCK_REFUSED_BY_ENGINE,mysql
3178,ER_UNSUPPORTED_ALTER_ONLINE_ON_VIRTUAL_COLUMN,mysql
3179,ER_MASTER_KEY_ROTATION_NOT_SUPPORTED_BY_SE,mysql
3180,ER_MASTER_KEY_ROTATION_ERROR_BY_SE,mysql
3181,ER_MASTER_KEY_ROTATION_BINLOG_FAILED,mysql
3182,ER_MASTER_KEY_ROTATION_SE_UNAVAILABLE,mysql
3183,ER_TABLESPACE_CANNOT_ENCRYPT,mysql
3184,ER_INVALID_ENCRYPTION_OPTION,mysql
3185,ER_CANNOT_FIND_KEY_IN_KEYRING,mysql
3186,ER_CAPACITY_EXCEEDED_IN_PARSER,mysql
3187,ER_UNSUPPORTED_ALTER_ENCRYPTION_INPLACE,mysql
3188,ER_KEYRING_UDF_KEYRING_SERVICE_ERROR,mysql
3189,ER_USER_COLUMN_OLD_LENGTH,mysql
3190,ER_CANT_RESET_MASTER,mysql
3191,ER_GROUP_REPLICATION_MAX_GROUP_SIZE,mysql
3192,ER_CANNOT_ADD_FOREIGN_BASE_COL_STORED,mysql
3193,ER_TABLE_REFERENCED,mysql
3194,ER_PARTITION_ENGINE_DEPRECATED_FOR_TABLE,mysql
3195,ER_WARN_USING_GEOMFROMWKB_TO_SET_SRID_ZERO,mysql
3196,ER_WARN_USING_GEOMFROMWKB_TO_SET_SRID,mysql
3197,ER_XA_RETRY,mysql
3198,ER_KEYRING_AWS_UDF_AWS_KMS_ERROR,mysql
3199,ER_BINLOG_UNSAFE_XA,mysql
3200,ER_UDF_ERROR,mysql
3201,ER_KEYRING_MIGRATION_FAILURE,mysql
3202,ER_KEYRING_ACCESS_DENIED_ERROR,mysql
3203,ER_KEYRING_MIGRATION_STATUS,mysql
3204,ER_PLUGIN_FAILED_TO_OPEN_TABLES,mysql
3205,ER_PLUGIN_FAILED_TO_OPEN_TABLE,mysql
3206,ER_AUDIT_LOG_NO_KEYRING_PLUGIN_INSTALLED,mysql
3207,ER_AUDIT_LOG_ENCRYPTION_PASSWORD_HAS_NOT_BEEN_SET,mysql
3208,ER_AUDIT_LOG_COULD_NOT_CREATE_AES_KEY,mysql
3209,ER_AUDIT_LOG_ENCRYPTION_PASSWORD_CANNOT_BE_FETCHED,mysql
3210,ER_AUDIT_LOG_JSON_FILTERING_NOT_ENABLED,mysql
3211,ER_AUDIT_LOG_UDF_INSUFFICIENT_PRIVILEGE,mysql
3212,ER_AUDIT_LOG_SUPER_PRIVILEGE_REQUIRED,mysql
3213,ER_COULD_NOT_REINITIALIZE_AUDIT_LOG_FILTERS,mysql
3214,ER_AUDIT_LOG_UDF_INVALID_ARGUMENT_TYPE,mysql
3215,ER_AUDIT_LOG_UDF_INVALID_ARGUMENT_COUNT,mysql
3216,ER_AUDIT_LOG_HAS_NOT_BEEN_INSTALLED,mysql
3217,ER_AUDIT_LOG_UDF_READ_INVALID_MAX_ARRAY_LENGTH_ARG_TYPE,mysql
3218,ER_AUDIT_LOG_UDF_READ_INVALID_MAX_ARRAY_LENGTH_ARG_VALUE,mysql
3219,ER_AUDIT_LOG_JSON_FILTER_PARSING_ERROR,mysql
3220,ER_AUDIT_LOG_JSON_FILTER_NAME_CANNOT_BE_EMPTY,mysql
3221,ER_AUDIT_LOG_JSON_USER_NAME_CANNOT_BE_EMPTY,mysql
3222,ER_AUDIT_LOG_JSON_FILTER_DOES_NOT_EXISTS,mysql
3223,ER_AUDIT_LOG_USER_FIRST_CHARACTER_MUST_BE_ALPHANUMERIC,mysql
3224,ER_AUDIT_LOG_USER_NAME_INVALID_CHARACTER,mysql
3225,ER_AUDIT_LOG_HOST_NAME_INVALID_CHARACTER,mysql
3226,OBSOLETE_WARN_DEPRECATED_MAXDB_SQL_MODE_FOR_TIMESTAMP,mysql
3228,ER_CANT_OPEN_ERROR_LOG,mysql
3230,ER_CANT_START_SERVER_NAMED_PIPE,mysql
3231,ER_WRITE_SET_EXCEEDS_LIMIT,mysql
3232,ER_DEPRECATED_TLS_VERSION_SESSION,mysql
3233,ER_WARN_DEPRECATED_TLS_VERSION,mysql
3234,ER_WARN_WRONG_NATIVE_TABLE_STRUCTURE,mysql
3235,ER_AES_INVALID_KDF_NAME,mysql
3236,ER_AES_INVALID_KDF_ITERATIONS,mysql
3237,WARN_AES_KEY_SIZE,mysql
3238,ER_AES_INVALID_KDF_OPTION_SIZE,mysql
3500,ER_UNSUPPORT_COMPRESSED_TEMPORARY_TABLE,mysql
3501,ER_ACL_OPERATION_FAILED,mysql
3502,ER_UNSUPPORTED_INDEX_ALGORITHM,mysql
3503,ER_NO_SUCH_DB,mysql
3504,ER_TOO_BIG_ENUM,mysql
3505,ER_TOO_LONG_SET_ENUM_VALUE,mysql
3506,ER_INVALID_DD_OBJECT,mysql
3507,ER_UPDATING_DD_TABLE,mysql
3508,ER_INVALID_DD_OBJECT_ID,mysql
3509,ER_INVALID_DD_OBJECT_NAME,mysql
3510,ER_TABLESPACE_MISSING_WITH_NAME,mysql
3511,ER_TOO_LONG_ROUTINE_COMMENT,mysql
3512,ER_SP_LOAD_FAILED,mysql
3513,ER_INVALID_BITWISE_OPERANDS_SIZE,mysql
3514,ER_INVALID_BITWISE_AGGREGATE_OPERANDS_SIZE,mysql
3515,ER_WARN_UNSUPPORTED_HINT,mysql
3516,ER_UNEXPECTED_GEOMETRY_TYPE,mysql
3517,ER_SRS_PARSE_ERROR,mysql
3518,ER_SRS_PROJ_PARAMETER_MISSING,mysql
3519,ER_WARN_SRS_NOT_FOUND,mysql
3520,ER_SRS_NOT_CARTESIAN,mysql
3521,ER_SRS_NOT_CARTESIAN_UNDEFINED,mysql
3522,ER_PK_INDEX_CANT_BE_INVISIBLE,mysql
3523,ER_UNKNOWN_AUTHID,mysql
3524,ER_FAILED_ROLE_GRANT,mysql
3525,ER_OPEN_ROLE_TABLES,mysql
3526,ER_FAILED_DEFAULT_ROLES,mysql
3527,ER_COMPONENTS_NO_SCHEME,mysql
3528,ER_COMPONENTS_NO_SCHEME_SERVICE,mysql
3529,ER_COMPONENTS_CANT_LOAD,mysql
3530,ER_ROLE_NOT_GRANTED,mysql
3531,ER_FAILED_REVOKE_ROLE,mysql
3532,ER_RENAME_ROLE,mysql
3533,ER_COMPONENTS_CANT_ACQUIRE_SERVICE_IMPLEMENTATION,mysql
3534,ER_COMPONENTS_CANT_SATISFY_DEPENDENCY,mysql
3535,ER_COMPONENTS_LOAD_CANT_REGISTER_SERVICE_IMPLEMENTATION,mysql
3536,ER_COMPONENTS_LOAD_CANT_INITIALIZE,mysql
3537,ER_COMPONENTS_UNLOAD_NOT_LOADED,mysql
3538,ER_COMPONENTS_UNLOAD_CANT_DEINITIALIZE,mysql
3539,ER_COMPONENTS_CANT_RELEASE_SERVICE,mysql
3540,ER_COMPONENTS_UNLOAD_CANT_UNREGISTER_SERVICE,mysql
3541,ER_COMPONENTS_CANT_UNLOAD,mysql
3542,ER_WARN_UNLOAD_THE_NOT_PERSISTED,mysql
3543,ER_COMPONENT_TABLE_INCORRECT,mysql
3544,ER_COMPONENT_MANIPULATE_ROW_FAILED,mysql
3545,ER_COMPONENTS_UNLOAD_DUPLICATE_IN_GROUP,mysql
3546,ER_CANT_SET_GTID_PURGED_DUE_SETS_CONSTRAINTS,mysql
3547,ER_CANNOT_LOCK_USER_MANAGEMENT_CACHES,mysql
3548,ER_SRS_NOT_FOUND,mysql
3549,ER_VARIABLE_NOT_PERSISTED,mysql
3550,ER_IS_QUERY_INVALID_CLAUSE,mysql
3551,ER_UNABLE_TO_STORE_STATISTICS,mysql
3552,ER_NO_SYSTEM_SCHEMA_ACCESS,mysql
3553,ER_NO_SYSTEM_TABLESPACE_ACCESS,mysql
3554,ER_NO_SYSTEM_TABLE_ACCESS,mysql
3555,ER_NO_SYSTEM_TABLE_ACCESS_FOR_DICTIONARY_TABLE,mysql
3556,ER_NO_SYSTEM_TABLE_ACCESS_FOR_SYSTEM_TABLE,mysql
3557,ER_NO_SYSTEM_TABLE_ACCESS_FOR_TABLE,mysql
3558,ER_INVALID_OPTION_KEY,mysql
3559,ER_INVALID_OPTION_VALUE,mysql
3560,ER_INVALID_OPTION_KEY_VALUE_PAIR,mysql
3561,ER_INVALID_OPTION_START_CHARACTER,mysql
3562,ER_INVALID_OPTION_END_CHARACTER,mysql
3563,ER_INVALID_OPTION_CHARACTERS,mysql
3564,ER_DUPLICATE_OPTION_KEY,mysql
3565,ER_WARN_SRS_NOT_FOUND_AXIS_ORDER,mysql
3566,ER_NO_ACCESS_TO_NATIVE_FCT,mysql
3567,ER_RESET_MASTER_TO_VALUE_OUT_OF_RANGE,mysql
3568,ER_UNRESOLVED_TABLE_LOCK,mysql
3569,ER_DUPLICATE_TABLE_LOCK,mysql
3570,ER_BINLOG_UNSAFE_SKIP_LOCKED,mysql
3571,ER_BINLOG_UNSAFE_NOWAIT,mysql
3572,ER_LOCK_NOWAIT,mysql
3573,ER_CTE_RECURSIVE_REQUIRES_UNION,mysql
3574,ER_CTE_RECURSIVE_REQUIRES_NONRECURSIVE_FIRST,mysql
3575,ER_CTE_RECURSIVE_FORBIDS_AGGREGATION,mysql
3576,ER_CTE_RECURSIVE_FORBIDDEN_JOIN_ORDER,mysql
3577,ER_CTE_RECURSIVE_REQUIRES_SINGLE_REFERENCE,mysql
3578,ER_SWITCH_TMP_ENGINE,mysql
3579,ER_WINDOW_NO_SUCH_WINDOW,mysql
3580,ER_WINDOW_CIRCULARITY_IN_WINDOW_GRAPH,mysql
3581,ER_WINDOW_NO_CHILD_PARTITIONING,mysql
3582,ER_WINDOW_NO_INHERIT_FRAME,mysql
3583,ER_WINDOW_NO_REDEFINE_ORDER_BY,mysql
3584,ER_WINDOW_FRAME_START_ILLEGAL,mysql
3585,ER_WINDOW_FRAME_END_ILLEGAL,mysql
3586,ER_WINDOW_FRAME_ILLEGAL,mysql
3587,ER_WINDOW_RANGE_FRAME_ORDER_TYPE,mysql
3588,ER_WINDOW_RANGE_FRAME_TEMPORAL_TYPE,mysql
3589,ER_WINDOW_RANGE_FRAME_NUMERIC_TYPE,mysql
3590,ER_WINDOW_RANGE_BOUND_NOT_CONSTANT,mysql
3591,ER_WINDOW_DUPLICATE_NAME,mysql
3592,ER_WINDOW_ILLEGAL_ORDER_BY,mysql
3593,ER_WINDOW_INVALID_WINDOW_FUNC_USE,mysql
3594,ER_WINDOW_INVALID_WINDOW_FUNC_ALIAS_USE,mysql
3595,ER_WINDOW_NESTED_WINDOW_FUNC_USE_IN_WINDOW_SPEC,mysql
3596,ER_WINDOW_ROWS_INTERVAL_USE,mysql
3597,ER_WINDOW_NO_GROUP_ORDER_UNUSED,mysql
3598,ER_WINDOW_EXPLAIN_JSON,mysql
3599,ER_WINDOW_FUNCTION_IGNORES_FRAME,mysql
3600,ER_WL9236_NOW_UNUSED,mysql
3601,ER_INVALID_NO_OF_ARGS,mysql
3602,ER_FIELD_IN_GROUPING_NOT_GROUP_BY,mysql
3603,ER_TOO_LONG_TABLESPACE_COMMENT,mysql
3604,ER_ENGINE_CANT_DROP_TABLE,mysql
3605,ER_ENGINE_CANT_DROP_MISSING_TABLE,mysql
3606,ER_TABLESPACE_DUP_FILENAME,mysql
3607,ER_DB_DROP_RMDIR2,mysql
3608,ER_IMP_NO_FILES_MATCHED,mysql
3609,ER_IMP_SCHEMA_DOES_NOT_EXIST,mysql
3610,ER_IMP_TABLE_ALREADY_EXISTS,mysql
3611,ER_IMP_INCOMPATIBLE_MYSQLD_VERSION,mysql
3612,ER_IMP_INCOMPATIBLE_DD_VERSION,mysql
3613,ER_IMP_INCOMPATIBLE_SDI_VERSION,mysql
3614,ER_WARN_INVALID_HINT,mysql
3615,ER_VAR_DOES_NOT_EXIST,mysql
3616,ER_LONGITUDE_OUT_OF_RANGE,mysql
3617,ER_LATITUDE_OUT_OF_RANGE,mysql
3618,ER_NOT_IMPLEMENTED_FOR_GEOGRAPHIC_SRS,mysql
3619,ER_ILLEGAL_PRIVILEGE_LEVEL,mysql
3620,ER_NO_SYSTEM_VIEW_ACCESS,mysql
3621,ER_COMPONENT_FILTER_FLABBERGASTED,mysql
3622,ER_PART_EXPR_TOO_LONG,mysql
3623,ER_UDF_DROP_DYNAMICALLY_REGISTERED,mysql
3624,ER_UNABLE_TO_STORE_COLUMN_STATISTICS,mysql
3625,ER_UNABLE_TO_UPDATE_COLUMN_STATISTICS,mysql
3626,ER_UNABLE_TO_DROP_COLUMN_STATISTICS,mysql
3627,ER_UNABLE_TO_BUILD_HISTOGRAM,mysql
3628,ER_MANDATORY_ROLE,mysql
3629,ER_MISSING_TABLESPACE_FILE,mysql
3630,ER_PERSIST_ONLY_ACCESS_DENIED_ERROR,mysql
3631,ER_CMD_NEED_SUPER,mysql
3632,ER_PATH_IN_DATADIR,mysql
3633,ER_CLONE_DDL_IN_PROGRESS,mysql
3634,ER_CLONE_TOO_MANY_CONCURRENT_CLONES,mysql
3635,ER_APPLIER_LOG_EVENT_VALIDATION_ERROR,mysql
3636,ER_CTE_MAX_RECURSION_DEPTH,mysql
3637,ER_NOT_HINT_UPDATABLE_VARIABLE,mysql
3638,ER_CREDENTIALS_CONTRADICT_TO_HISTORY,mysql
3639,ER_WARNING_PASSWORD_HISTORY_CLAUSES_VOID,mysql
3640,ER_CLIENT_DOES_NOT_SUPPORT,mysql
3641,ER_I_S_SKIPPED_TABLESPACE,mysql
3642,ER_TABLESPACE_ENGINE_MISMATCH,mysql
3643,ER_WRONG_SRID_FOR_COLUMN,mysql
3644,ER_CANNOT_ALTER_SRID_DUE_TO_INDEX,mysql
3645,ER_WARN_BINLOG_PARTIAL_UPDATES_DISABLED,mysql
3646,ER_WARN_BINLOG_V1_ROW_EVENTS_DISABLED,mysql
3647,ER_WARN_BINLOG_PARTIAL_UPDATES_SUGGESTS_PARTIAL_IMAGES,mysql
3648,ER_COULD_NOT_APPLY_JSON_DIFF,mysql
3649,ER_CORRUPTED_JSON_DIFF,mysql
3650,ER_RESOURCE_GROUP_EXISTS,mysql
3651,ER_RESOURCE_GROUP_NOT_EXISTS,mysql
3652,ER_INVALID_VCPU_ID,mysql
3653,ER_INVALID_VCPU_RANGE,mysql
3654,ER_INVALID_THREAD_PRIORITY,mysql
3655,ER_DISALLOWED_OPERATION,mysql
3656,ER_RESOURCE_GROUP_BUSY,mysql
3657,ER_RESOURCE_GROUP_DISABLED,mysql
3658,ER_FEATURE_UNSUPPORTED,mysql
3659,ER_ATTRIBUTE_IGNORED,mysql
3660,ER_INVALID_THREAD_ID,mysql
3661,ER_RESOURCE_GROUP_BIND_FAILED,mysql
3662,ER_INVALID_USE_OF_FORCE_OPTION,mysql
3663,ER_GROUP_REPLICATION_COMMAND_FAILURE,mysql
3664,ER_SDI_OPERATION_FAILED,mysql
3665,ER_MISSING_JSON_TABLE_VALUE,mysql
3666,ER_WRONG_JSON_TABLE_VALUE,mysql
3667,ER_TF_MUST_HAVE_ALIAS,mysql
3668,ER_TF_FORBIDDEN_JOIN_TYPE,mysql
3669,ER_JT_VALUE_OUT_OF_RANGE,mysql
3670,ER_JT_MAX_NESTED_PATH,mysql
3671,ER_PASSWORD_EXPIRATION_NOT_SUPPORTED_BY_AUTH_METHOD,mysql
3672,ER_INVALID_GEOJSON_CRS_NOT_TOP_LEVEL,mysql
3673,ER_BAD_NULL_ERROR_NOT_IGNORED,mysql
3674,WARN_USELESS_SPATIAL_INDEX,mysql
3675,ER_DISK_FULL_NOWAIT,mysql
3676,ER_PARSE_ERROR_IN_DIGEST_FN,mysql
3677,ER_UNDISCLOSED_PARSE_ERROR_IN_DIGEST_FN,mysql
3678,ER_SCHEMA_DIR_EXISTS,mysql
3679,ER_SCHEMA_DIR_MISSING,mysql
3680,ER_SCHEMA_DIR_CREATE_FAILED,mysql
3681,ER_SCHEMA_DIR_UNKNOWN,mysql
3682,ER_ONLY_IMPLEMENTED_FOR_SRID_0_AND_4326,mysql
3683,ER_BINLOG_EXPIRE_LOG_DAYS_AND_SECS_USED_TOGETHER,mysql
3684,ER_REGEXP_BUFFER_OVERFLOW,mysql
3685,ER_REGEXP_ILLEGAL_ARGUMENT,mysql
3686,ER_REGEXP_INDEX_OUTOFBOUNDS_ERROR,mysql
3687,ER_REGEXP_INTERNAL_ERROR,mysql
3688,ER_REGEXP_RULE_SYNTAX,mysql
3689,ER_REGEXP_BAD_ESCAPE_SEQUENCE,mysql
3690,ER_REGEXP_UNIMPLEMENTED,mysql
3691,ER_REGEXP_MISMATCHED_PAREN,mysql
3692,ER_REGEXP_BAD_INTERVAL,mysql
3693,ER_REGEXP_MAX_LT_MIN,mysql
3694,ER_REGEXP_INVALID_BACK_REF,mysql
3695,ER_REGEXP_LOOK_BEHIND_LIMIT,mysql
3696,ER_REGEXP_MISSING_CLOSE_BRACKET,mysql
3697,ER_REGEXP_INVALID_RANGE,mysql
3698,ER_REGEXP_STACK_OVERFLOW,mysql
3699,ER_REGEXP_TIME_OUT,mysql
3700,ER_REGEXP_PATTERN_TOO_BIG,mysql
3701,ER_CANT_SET_ERROR_LOG_SERVICE,mysql
3702,ER_EMPTY_PIPELINE_FOR_ERROR_LOG_SERVICE,mysql
3703,ER_COMPONENT_FILTER_DIAGNOSTICS,mysql
3704,ER_NOT_IMPLEMENTED_FOR_CARTESIAN_SRS,mysql
3705,ER_NOT_IMPLEMENTED_FOR_PROJECTED_SRS,mysql
3706,ER_NONPOSITIVE_RADIUS,mysql
3707,ER_RESTART_SERVER_FAILED,mysql
3708,ER_SRS_MISSING_MANDATORY_ATTRIBUTE,mysql
3709,ER_SRS_MULTIPLE_ATTRIBUTE_DEFINITIONS,mysql
3710,ER_SRS_NAME_CANT_BE_EMPTY_OR_WHITESPACE,mysql
3711,ER_SRS_ORGANIZATION_CANT_BE_EMPTY_OR_WHITESPACE,mysql
3712,ER_SRS_ID_ALREADY_EXISTS,mysql
3713,ER_WARN_SRS_ID_ALREADY_EXISTS,mysql
3714,ER_CANT_MODIFY_SRID_0,mysql
3715,ER_WARN_RESERVED_SRID_RANGE,mysql
3716,ER_CANT_MODIFY_SRS_USED_BY_COLUMN,mysql
3717,ER_SRS_INVALID_CHARACTER_IN_ATTRIBUTE,mysql
3718,ER_SRS_ATTRIBUTE_STRING_TOO_LONG,mysql
3719,ER_DEPRECATED_UTF8_ALIAS,mysql
3720,ER_DEPRECATED_NATIONAL,mysql
3721,ER_INVALID_DEFAULT_UTF8MB4_COLLATION,mysql
3722,ER_UNABLE_TO_COLLECT_LOG_STATUS,mysql
3723,ER_RESERVED_TABLESPACE_NAME,mysql
3724,ER_UNABLE_TO_SET_OPTION,mysql
3725,ER_SLAVE_POSSIBLY_DIVERGED_AFTER_DDL,mysql
3726,ER_SRS_NOT_GEOGRAPHIC,mysql
3727,ER_POLYGON_TOO_LARGE,mysql
3728,ER_SPATIAL_UNIQUE_INDEX,mysql
3729,ER_INDEX_TYPE_NOT_SUPPORTED_FOR_SPATIAL_INDEX,mysql
3730,ER_FK_CANNOT_DROP_PARENT,mysql
3731,ER_GEOMETRY_PARAM_LONGITUDE_OUT_OF_RANGE,mysql
3732,ER_GEOMETRY_PARAM_LATITUDE_OUT_OF_RANGE,mysql
3733,ER_FK_CANNOT_USE_VIRTUAL_COLUMN,mysql
3734,ER_FK_NO_COLUMN_PARENT,mysql
3735,ER_CANT_SET_ERROR_SUPPRESSION_LIST,mysql
3736,ER_SRS_GEOGCS_INVALID_AXES,mysql
3737,ER_SRS_INVALID_SEMI_MAJOR_AXIS,mysql
3738,ER_SRS_INVALID_INVERSE_FLATTENING,mysql
3739,ER_SRS_INVALID_ANGULAR_UNIT,mysql
3740,ER_SRS_INVALID_PRIME_MERIDIAN,mysql
3741,ER_TRANSFORM_SOURCE_SRS_NOT_SUPPORTED,mysql
3742,ER_TRANSFORM_TARGET_SRS_NOT_SUPPORTED,mysql
3743,ER_TRANSFORM_SOURCE_SRS_MISSING_TOWGS84,mysql
3744,ER_TRANSFORM_TARGET_SRS_MISSING_TOWGS84,mysql
3745,ER_TEMP_TABLE_PREVENTS_SWITCH_SESSION_BINLOG_FORMAT,mysql
3746,ER_TEMP_TABLE_PREVENTS_SWITCH_GLOBAL_BINLOG_FORMAT,mysql
3747,ER_RUNNING_APPLIER_PREVENTS_SWITCH_GLOBAL_BINLOG_FORMAT,mysql
3748,ER_CLIENT_GTID_UNSAFE_CREATE_DROP_TEMP_TABLE_IN_TRX_IN_SBR,mysql
3750,ER_TABLE_WITHOUT_PK,mysql
3751,ER_WARN_DATA_TRUNCATED_FUNCTIONAL_INDEX,mysql
3752,ER_WARN_DATA_OUT_OF_RANGE_FUNCTIONAL_INDEX,mysql
3753,ER_FUNCTIONAL_INDEX_ON_JSON_OR_GEOMETRY_FUNCTION,mysql
3754,ER_FUNCTIONAL_INDEX_REF_AUTO_INCREMENT,mysql
3755,ER_CANNOT_DROP_COLUMN_FUNCTIONAL_INDEX,mysql
3756,ER_FUNCTIONAL_INDEX_PRIMARY_KEY,mysql
3757,ER_FUNCTIONAL_INDEX_ON_LOB,mysql
3758,ER_FUNCTIONAL_INDEX_FUNCTION_IS_NOT_ALLOWED,mysql
3759,ER_FULLTEXT_FUNCTIONAL_INDEX,mysql
3760,ER_SPATIAL_FUNCTIONAL_INDEX,mysql
3761,ER_WRONG_KEY_COLUMN_FUNCTIONAL_INDEX,mysql
3762,ER_FUNCTIONAL_INDEX_ON_FIELD,mysql
3763,ER_GENERATED_COLUMN_NAMED_FUNCTION_IS_NOT_ALLOWED,mysql
3764,ER_GENERATED_COLUMN_ROW_VALUE,mysql
3765,ER_GENERATED_COLUMN_VARIABLES,mysql
3766,ER_DEPENDENT_BY_DEFAULT_GENERATED_VALUE,mysql
3767,ER_DEFAULT_VAL_GENERATED_NON_PRIOR,mysql
3768,ER_DEFAULT_VAL_GENERATED_REF_AUTO_INC,mysql
3769,ER_DEFAULT_VAL_GENERATED_FUNCTION_IS_NOT_ALLOWED,mysql
3770,ER_DEFAULT_VAL_GENERATED_NAMED_FUNCTION_IS_NOT_ALLOWED,mysql
3771,ER_DEFAULT_VAL_GENERATED_ROW_VALUE,mysql
3772,ER_DEFAULT_VAL_GENERATED_VARIABLES,mysql
3773,ER_DEFAULT_AS_VAL_GENERATED,mysql
3774,ER_UNSUPPORTED_ACTION_ON_DEFAULT_VAL_GENERATED,mysql
3775,ER_GTID_UNSAFE_ALTER_ADD_COL_WITH_DEFAULT_EXPRESSION,mysql
3776,ER_FK_CANNOT_CHANGE_ENGINE,mysql
3777,ER_WARN_DEPRECATED_USER_SET_EXPR,mysql
3778,ER_WARN_DEPRECATED_UTF8MB3_COLLATION,mysql
3779,ER_WARN_DEPRECATED_NESTED_COMMENT_SYNTAX,mysql
3780,ER_FK_INCOMPATIBLE_COLUMNS,mysql
3781,ER_GR_HOLD_WAIT_TIMEOUT,mysql
3782,ER_GR_HOLD_KILLED,mysql
3783,ER_GR_HOLD_MEMBER_STATUS_ERROR,mysql
3784,ER_RPL_ENCRYPTION_FAILED_TO_FETCH_KEY,mysql
3785,ER_RPL_ENCRYPTION_KEY_NOT_FOUND,mysql
3786,ER_RPL_ENCRYPTION_KEYRING_INVALID_KEY,mysql
3787,ER_RPL_ENCRYPTION_HEADER_ERROR,mysql
3788,ER_RPL_ENCRYPTION_FAILED_TO_ROTATE_LOGS,mysql
3789,ER_RPL_ENCRYPTION_KEY_EXISTS_UNEXPECTED,mysql
3790,ER_RPL_ENCRYPTION_FAILED_TO_GENERATE_KEY,mysql
3791,ER_RPL_ENCRYPTION_FAILED_TO_STORE_KEY,mysql
3792,ER_RPL_ENCRYPTION_FAILED_TO_REMOVE_KEY,mysql
3793,ER_RPL_ENCRYPTION_UNABLE_TO_CHANGE_OPTION,mysql
3794,ER_RPL_ENCRYPTION_MASTER_KEY_RECOVERY_FAILED,mysql
3795,ER_SLOW_LOG_MODE_IGNORED_WHEN_NOT_LOGGING_TO_FILE,mysql
3796,ER_GRP_TRX_CONSISTENCY_NOT_ALLOWED,mysql
3797,ER_GRP_TRX_CONSISTENCY_BEFORE,mysql
3798,ER_GRP_TRX_CONSISTENCY_AFTER_ON_TRX_BEGIN,mysql
3799,ER_GRP_TRX_CONSISTENCY_BEGIN_NOT_ALLOWED,mysql
3800,ER_FUNCTIONAL_INDEX_ROW_VALUE_IS_NOT_ALLOWED,mysql
3801,ER_RPL_ENCRYPTION_FAILED_TO_ENCRYPT,mysql
3802,ER_PAGE_TRACKING_NOT_STARTED,mysql
3803,ER_PAGE_TRACKING_RANGE_NOT_TRACKED,mysql
3804,ER_PAGE_TRACKING_CANNOT_PURGE,mysql
3805,ER_RPL_ENCRYPTION_CANNOT_ROTATE_BINLOG_MASTER_KEY,mysql
3806,ER_BINLOG_MASTER_KEY_RECOVERY_OUT_OF_COMBINATION,mysql
3807,ER_BINLOG_MASTER_KEY_ROTATION_FAIL_TO_OPERATE_KEY,mysql
3808,ER_BINLOG_MASTER_KEY_ROTATION_FAIL_TO_ROTATE_LOGS,mysql
3809,ER_BINLOG_MASTER_KEY_ROTATION_FAIL_TO_REENCRYPT_LOG,mysql
3810,ER_BINLOG_MASTER_KEY_ROTATION_FAIL_TO_CLEANUP_UNUSED_KEYS,mysql
3811,ER_BINLOG_MASTER_KEY_ROTATION_FAIL_TO_CLEANUP_AUX_KEY,mysql
3812,ER_NON_BOOLEAN_EXPR_FOR_CHECK_CONSTRAINT,mysql
3813,ER_COLUMN_CHECK_CONSTRAINT_REFERENCES_OTHER_COLUMN,mysql
3814,ER_CHECK_CONSTRAINT_NAMED_FUNCTION_IS_NOT_ALLOWED,mysql
3815,ER_CHECK_CONSTRAINT_FUNCTION_IS_NOT_ALLOWED,mysql
3816,ER_CHECK_CONSTRAINT_VARIABLES,mysql
3817,ER_CHECK_CONSTRAINT_ROW_VALUE,mysql
3818,ER_CHECK_CONSTRAINT_REFERS_AUTO_INCREMENT_COLUMN,mysql
3819,ER_CHECK_CONSTRAINT_VIOLATED,mysql
3820,ER_CHECK_CONSTRAINT_REFERS_UNKNOWN_COLUMN,mysql
3821,ER_CHECK_CONSTRAINT_NOT_FOUND,mysql
3822,ER_CHECK_CONSTRAINT_DUP_NAME,mysql
3823,ER_CHECK_CONSTRAINT_CLAUSE_USING_FK_REFER_ACTION_COLUMN,mysql
3824,WARN_UNENCRYPTED_TABLE_IN_ENCRYPTED_DB,mysql
3825,ER_INVALID_ENCRYPTION_REQUEST,mysql
3826,ER_CANNOT_SET_TABLE_ENCRYPTION,mysql
3827,ER_CANNOT_SET_DATABASE_ENCRYPTION,mysql
3828,ER_CANNOT_SET_TABLESPACE_ENCRYPTION,mysql
3829,ER_TABLESPACE_CANNOT_BE_ENCRYPTED,mysql
3830,ER_TABLESPACE_CANNOT_BE_DECRYPTED,mysql
3831,ER_TABLESPACE_TYPE_UNKNOWN,mysql
3832,ER_TARGET_TABLESPACE_UNENCRYPTED,mysql
3833,ER_CANNOT_USE_ENCRYPTION_CLAUSE,mysql
3834,ER_INVALID_MULTIPLE_CLAUSES,mysql
3835,ER_UNSUPPORTED_USE_OF_GRANT_AS,mysql
3836,ER_UKNOWN_AUTH_ID_OR_ACCESS_DENIED_FOR_GRANT_AS,mysql
3837,ER_DEPENDENT_BY_FUNCTIONAL_INDEX,mysql
3838,ER_PLUGIN_NOT_EARLY,mysql
3839,ER_INNODB_REDO_LOG_ARCHIVE_START_SUBDIR_PATH,mysql
3840,ER_INNODB_REDO_LOG_ARCHIVE_START_TIMEOUT,mysql
3841,ER_INNODB_REDO_LOG_ARCHIVE_DIRS_INVALID,mysql
3842,ER_INNODB_REDO_LOG_ARCHIVE_LABEL_NOT_FOUND,mysql
3843,ER_INNODB_REDO_LOG_ARCHIVE_DIR_EMPTY,mysql
3844,ER_INNODB_REDO_LOG_ARCHIVE_NO_SUCH_DIR,mysql
3845,ER_INNODB_REDO_LOG_ARCHIVE_DIR_CLASH,mysql
3846,ER_INNODB_REDO_LOG_ARCHIVE_DIR_PERMISSIONS,mysql
3847,ER_INNODB_REDO_LOG_ARCHIVE_FILE_CREATE,mysql
3848,ER_INNODB_REDO_LOG_ARCHIVE_ACTIVE,mysql
3849,ER_INNODB_REDO_LOG_ARCHIVE_INACTIVE,mysql
3850,ER_INNODB_REDO_LOG_ARCHIVE_FAILED,mysql
3851,ER_INNODB_REDO_LOG_ARCHIVE_SESSION,mysql
3852,ER_STD_REGEX_ERROR,mysql
3853,ER_INVALID_JSON_TYPE,mysql
3854,ER_CANNOT_CONVERT_STRING,mysql
3855,ER_DEPENDENT_BY_PARTITION_FUNC,mysql
3856,ER_WARN_DEPRECATED_FLOAT_AUTO_INCREMENT,mysql
3857,ER_RPL_CANT_STOP_SLAVE_WHILE_LOCKED_BACKUP,mysql
3858,ER_WARN_DEPRECATED_FLOAT_DIGITS,mysql
3859,ER_WARN_DEPRECATED_FLOAT_UNSIGNED,mysql
3860,ER_WARN_DEPRECATED_INTEGER_DISPLAY_WIDTH,mysql
3861,ER_WARN_DEPRECATED_ZEROFILL,mysql
3862,ER_CLONE_DONOR,mysql
3863,ER_CLONE_PROTOCOL,mysql
3864,ER_CLONE_DONOR_VERSION,mysql
3865,ER_CLONE_OS,mysql
3866,ER_CLONE_PLATFORM,mysql
3867,ER_CLONE_CHARSET,mysql
3868,ER_CLONE_CONFIG,mysql
3869,ER_CLONE_SYS_CONFIG,mysql
3870,ER_CLONE_PLUGIN_MATCH,mysql
3871,ER_CLONE_LOOPBACK,mysql
3872,ER_CLONE_ENCRYPTION,mysql
3873,ER_CLONE_DISK_SPACE,mysql
3874,ER_CLONE_IN_PROGRESS,mysql
3875,ER_CLONE_DISALLOWED,mysql
3876,ER_CANNOT_GRANT_ROLES_TO_ANONYMOUS_USER,mysql
3877,ER_SECONDARY_ENGINE_PLUGIN,mysql
3878,ER_SECOND_PASSWORD_CANNOT_BE_EMPTY,mysql
3879,ER_DB_ACCESS_DENIED,mysql
3880,ER_DA_AUTH_ID_WITH_SYSTEM_USER_PRIV_IN_MANDATORY_ROLES,mysql
3881,ER_DA_RPL_GTID_TABLE_CANNOT_OPEN,mysql
3882,ER_GEOMETRY_IN_UNKNOWN_LENGTH_UNIT,mysql
3883,ER_DA_PLUGIN_INSTALL_ERROR,mysql
3884,ER_NO_SESSION_TEMP,mysql
3885,ER_DA_UNKNOWN_ERROR_NUMBER,mysql
3886,ER_COLUMN_CHANGE_SIZE,mysql
3887,ER_REGEXP_INVALID_CAPTURE_GROUP_NAME,mysql
3888,ER_DA_SSL_LIBRARY_ERROR,mysql
3889,ER_SECONDARY_ENGINE,mysql
3890,ER_SECONDARY_ENGINE_DDL,mysql
3891,ER_INCORRECT_CURRENT_PASSWORD,mysql
3892,ER_MISSING_CURRENT_PASSWORD,mysql
3893,ER_CURRENT_PASSWORD_NOT_REQUIRED,mysql
3894,ER_PASSWORD_CANNOT_BE_RETAINED_ON_PLUGIN_CHANGE,mysql
3895,ER_CURRENT_PASSWORD_CANNOT_BE_RETAINED,mysql
3896,ER_PARTIAL_REVOKES_EXIST,mysql
3897,ER_CANNOT_GRANT_SYSTEM_PRIV_TO_MANDATORY_ROLE,mysql
3898,ER_XA_REPLICATION_FILTERS,mysql
3899,ER_UNSUPPORTED_SQL_MODE,mysql
3900,ER_REGEXP_INVALID_FLAG,mysql
3901,ER_PARTIAL_REVOKE_AND_DB_GRANT_BOTH_EXISTS,mysql
3902,ER_UNIT_NOT_FOUND,mysql
3903,ER_INVALID_JSON_VALUE_FOR_FUNC_INDEX,mysql
3904,ER_JSON_VALUE_OUT_OF_RANGE_FOR_FUNC_INDEX,mysql
3905,ER_EXCEEDED_MV_KEYS_NUM,mysql
3906,ER_EXCEEDED_MV_KEYS_SPACE,mysql
3907,ER_FUNCTIONAL_INDEX_DATA_IS_TOO_LONG,mysql
3908,ER_WRONG_MVI_VALUE,mysql
3909,ER_WARN_FUNC_INDEX_NOT_APPLICABLE,mysql
3910,ER_GRP_RPL_UDF_ERROR,mysql
3911,ER_UPDATE_GTID_PURGED_WITH_GR,mysql
3912,ER_GROUPING_ON_TIMESTAMP_IN_DST,mysql
3913,ER_TABLE_NAME_CAUSES_TOO_LONG_PATH,mysql
3914,ER_AUDIT_LOG_INSUFFICIENT_PRIVILEGE,mysql
3916,ER_DA_GRP_RPL_STARTED_AUTO_REJOIN,mysql
3917,ER_SYSVAR_CHANGE_DURING_QUERY,mysql
3918,ER_GLOBSTAT_CHANGE_DURING_QUERY,mysql
3919,ER_GRP_RPL_MESSAGE_SERVICE_INIT_FAILURE,mysql
3920,ER_CHANGE_MASTER_WRONG_COMPRESSION_ALGORITHM_CLIENT,mysql
3921,ER_CHANGE_MASTER_WRONG_COMPRESSION_LEVEL_CLIENT,mysql
3922,ER_WRONG_COMPRESSION_ALGORITHM_CLIENT,mysql
3923,ER_WRONG_COMPRESSION_LEVEL_CLIENT,mysql
3924,ER_CHANGE_MASTER_WRONG_COMPRESSION_ALGORITHM_LIST_CLIENT,mysql
3925,ER_CLIENT_PRIVILEGE_CHECKS_USER_CANNOT_BE_ANONYMOUS,mysql
3926,ER_CLIENT_PRIVILEGE_CHECKS_USER_DOES_NOT_EXIST,mysql
3927,ER_CLIENT_PRIVILEGE_CHECKS_USER_CORRUPT,mysql
3928,ER_CLIENT_PRIVILEGE_CHECKS_USER_NEEDS_RPL_APPLIER_PRIV,mysql
3929,ER_WARN_DA_PRIVILEGE_NOT_REGISTERED,mysql
3930,ER_CLIENT_KEYRING_UDF_KEY_INVALID,mysql
3931,ER_CLIENT_KEYRING_UDF_KEY_TYPE_INVALID,mysql
3932,ER_CLIENT_KEYRING_UDF_KEY_TOO_LONG,mysql
3933,ER_CLIENT_KEYRING_UDF_KEY_TYPE_TOO_LONG,mysql
3934,ER_JSON_SCHEMA_VALIDATION_ERROR_WITH_DETAILED_REPORT,mysql
3935,ER_DA_UDF_INVALID_CHARSET_SPECIFIED,mysql
3936,ER_DA_UDF_INVALID_CHARSET,mysql
3937,ER_DA_UDF_INVALID_COLLATION,mysql
3938,ER_DA_UDF_INVALID_EXTENSION_ARGUMENT_TYPE,mysql
3939,ER_MULTIPLE_CONSTRAINTS_WITH_SAME_NAME,mysql
3940,ER_CONSTRAINT_NOT_FOUND,mysql
3941,ER_ALTER_CONSTRAINT_ENFORCEMENT_NOT_SUPPORTED,mysql
3942,ER_TABLE_VALUE_CONSTRUCTOR_MUST_HAVE_COLUMNS,mysql
3943,ER_TABLE_VALUE_CONSTRUCTOR_CANNOT_HAVE_DEFAULT,mysql
3944,ER_CLIENT_QUERY_FAILURE_INVALID_NON_ROW_FORMAT,mysql
3945,ER_REQUIRE_ROW_FORMAT_INVALID_VALUE,mysql
3946,ER_FAILED_TO_DETERMINE_IF_ROLE_IS_MANDATORY,mysql
3947,ER_FAILED_TO_FETCH_MANDATORY_ROLE_LIST,mysql
3948,ER_CLIENT_LOCAL_FILES_DISABLED,mysql
3949,ER_IMP_INCOMPATIBLE_CFG_VERSION,mysql
3950,ER_DA_OOM,mysql
3951,ER_DA_UDF_INVALID_ARGUMENT_TO_SET_CHARSET,mysql
3952,ER_DA_UDF_INVALID_RETURN_TYPE_TO_SET_CHARSET,mysql
3953,ER_MULTIPLE_INTO_CLAUSES,mysql
3954,ER_MISPLACED_INTO,mysql
3955,ER_USER_ACCESS_DENIED_FOR_USER_ACCOUNT_BLOCKED_BY_PASSWORD_LOCK,mysql
3956,ER_WARN_DEPRECATED_YEAR_UNSIGNED,mysql
3957,ER_CLONE_NETWORK_PACKET,mysql
3958,ER_SDI_OPERATION_FAILED_MISSING_RECORD,mysql
3959,ER_DEPENDENT_BY_CHECK_CONSTRAINT,mysql
3960,ER_GRP_OPERATION_NOT_ALLOWED_GR_MUST_STOP,mysql
3961,ER_WARN_DEPRECATED_JSON_TABLE_ON_ERROR_ON_EMPTY,mysql
3962,ER_WARN_DEPRECATED_INNER_INTO,mysql
3963,ER_WARN_DEPRECATED_VALUES_FUNCTION_ALWAYS_NULL,mysql
3964,ER_WARN_DEPRECATED_SQL_CALC_FOUND_ROWS,mysql
3965,ER_WARN_DEPRECATED_FOUND_ROWS,mysql
3966,ER_MISSING_JSON_VALUE,mysql
3967,ER_MULTIPLE_JSON_VALUES,mysql
3968,ER_HOSTNAME_TOO_LONG,mysql
3969,ER_WARN_CLIENT_DEPRECATED_PARTITION_PREFIX_KEY,mysql
3970,ER_GROUP_REPLICATION_USER_EMPTY_MSG,mysql
3971,ER_GROUP_REPLICATION_USER_MANDATORY_MSG,mysql
3972,ER_GROUP_REPLICATION_PASSWORD_LENGTH,mysql
3973,ER_SUBQUERY_TRANSFORM_REJECTED,mysql
3974,ER_DA_GRP_RPL_RECOVERY_ENDPOINT_FORMAT,mysql
3975,ER_DA_GRP_RPL_RECOVERY_ENDPOINT_INVALID,mysql
3976,ER_WRONG_VALUE_FOR_VAR_PLUS_ACTIONABLE_PART,mysql
3977,ER_STATEMENT_NOT_ALLOWED_AFTER_START_TRANSACTION,mysql
3978,ER_FOREIGN_KEY_WITH_ATOMIC_CREATE_SELECT,mysql
3979,ER_NOT_ALLOWED_WITH_START_TRANSACTION,mysql
3980,ER_INVALID_JSON_ATTRIBUTE,mysql
3981,ER_ENGINE_ATTRIBUTE_NOT_SUPPORTED,mysql
3982,ER_INVALID_USER_ATTRIBUTE_JSON,mysql
3983,ER_INNODB_REDO_DISABLED,mysql
3984,ER_INNODB_REDO_ARCHIVING_ENABLED,mysql
3985,ER_MDL_OUT_OF_RESOURCES,mysql
3986,ER_IMPLICIT_COMPARISON_FOR_JSON,mysql
3987,ER_FUNCTION_DOES_NOT_SUPPORT_CHARACTER_SET,mysql
3988,ER_IMPOSSIBLE_STRING_CONVERSION,mysql
3989,ER_SCHEMA_READ_ONLY,mysql
3990,ER_RPL_ASYNC_RECONNECT_GTID_MODE_OFF,mysql
3991,ER_RPL_ASYNC_RECONNECT_AUTO_POSITION_OFF,mysql
3992,ER_DISABLE_GTID_MODE_REQUIRES_ASYNC_RECONNECT_OFF,mysql
3993,ER_DISABLE_AUTO_POSITION_REQUIRES_ASYNC_RECONNECT_OFF,mysql
3994,ER_INVALID_PARAMETER_USE,mysql
3995,ER_CHARACTER_SET_MISMATCH,mysql
3996,ER_WARN_VAR_VALUE_CHANGE_NOT_SUPPORTED,mysql
3997,ER_INVALID_TIME_ZONE_INTERVAL,mysql
3998,ER_INVALID_CAST,mysql
3999,ER_HYPERGRAPH_NOT_SUPPORTED_YET,mysql
4000,ER_WARN_HYPERGRAPH_EXPERIMENTAL,mysql
4001,ER_DA_NO_ERROR_LOG_PARSER_CONFIGURED,mysql
4002,ER_WITH_COL_WRONG_LIST,mariadb
4002,ER_DA_ERROR_LOG_TABLE_DISABLED,mysql
4003,ER_TOO_MANY_DEFINITIONS_IN_WITH_CLAUSE,mariadb
4003,ER_DA_ERROR_LOG_MULTIPLE_FILTERS,mysql
4004,ER_DUP_QUERY_NAME,mariadb
4004,ER_DA_CANT_OPEN_ERROR_LOG,mysql
4005,ER_RECURSIVE_WITHOUT_ANCHORS,mariadb
4005,ER_USER_REFERENCED_AS_DEFINER,mysql
4006,ER_UNACCEPTABLE_MUTUAL_RECURSION,mariadb
4006,ER_CANNOT_USER_REFERENCED_AS_DEFINER,mysql
4007,ER_REF_TO_RECURSIVE_WITH_TABLE_IN_DERIVED,mariadb
4007,ER_REGEX_NUMBER_TOO_BIG,mysql
4008,ER_NOT_STANDARD_COMPLIANT_RECURSIVE,mariadb
4008,ER_SPVAR_NONINTEGER_TYPE,mysql
4009,ER_WRONG_WINDOW_SPEC_NAME,mariadb
4009,WARN_UNSUPPORTED_ACL_TABLES_READ,mysql
4010,ER_DUP_WINDOW_NAME,mariadb
4010,ER_BINLOG_UNSAFE_ACL_TABLE_READ_IN_DML_DDL,mysql
4011,ER_PARTITION_LIST_IN_REFERENCING_WINDOW_SPEC,mariadb
4011,ER_STOP_REPLICA_MONITOR_IO_THREAD_TIMEOUT,mysql
4012,ER_ORDER_LIST_IN_REFERENCING_WINDOW_SPEC,mariadb
4012,ER_STARTING_REPLICA_MONITOR_IO_THREAD,mysql
4013,ER_WINDOW_FRAME_IN_REFERENCED_WINDOW_SPEC,mariadb
4013,ER_CANT_USE_ANONYMOUS_TO_GTID_WITH_GTID_MODE_NOT_ON,mysql
4014,ER_BAD_COMBINATION_OF_WINDOW_FRAME_BOUND_SPECS,mariadb
4014,ER_CANT_COMBINE_ANONYMOUS_TO_GTID_AND_AUTOPOSITION,mysql
4015,ER_WRONG_PLACEMENT_OF_WINDOW_FUNCTION,mariadb
4015,ER_ASSIGN_GTIDS_TO_ANONYMOUS_TRANSACTIONS_REQUIRES_GTID_MODE_ON,mysql
4016,ER_WINDOW_FUNCTION_IN_WINDOW_SPEC,mariadb
4016,ER_SQL_SLAVE_SKIP_COUNTER_USED_WITH_GTID_MODE_ON,mysql
4017,ER_NOT_ALLOWED_WINDOW_FRAME,mariadb
4017,ER_USING_ASSIGN_GTIDS_TO_ANONYMOUS_TRANSACTIONS_AS_LOCAL_OR_UUID,mysql
4018,ER_NO_ORDER_LIST_IN_WINDOW_SPEC,mariadb
4018,ER_CANT_SET_ANONYMOUS_TO_GTID_AND_WAIT_UNTIL_SQL_THD_AFTER_GTIDS,mysql
4019,ER_RANGE_FRAME_NEEDS_SIMPLE_ORDERBY,mariadb
4019,ER_CANT_SET_SQL_AFTER_OR_BEFORE_GTIDS_WITH_ANONYMOUS_TO_GTID,mysql
4020,ER_WRONG_TYPE_FOR_ROWS_FRAME,mariadb
4020,ER_ANONYMOUS_TO_GTID_UUID_SAME_AS_GROUP_NAME,mysql
4021,ER_WRONG_TYPE_FOR_RANGE_FRAME,mariadb
4021,ER_CANT_USE_SAME_UUID_AS_GROUP_NAME,mysql
4022,ER_FRAME_EXCLUSION_NOT_SUPPORTED,mariadb
4022,ER_GRP_RPL_RECOVERY_CHANNEL_STILL_RUNNING,mysql
4023,ER_WINDOW_FUNCTION_DONT_HAVE_FRAME,mariadb
4023,ER_INNODB_INVALID_AUTOEXTEND_SIZE_VALUE,mysql
4024,ER_INVALID_NTILE_ARGUMENT,mariadb
4024,ER_INNODB_INCOMPATIBLE_WITH_TABLESPACE,mysql
4025,ER_CONSTRAINT_FAILED,mariadb
4025,ER_INNODB_AUTOEXTEND_SIZE_OUT_OF_RANGE,mysql
4026,ER_EXPRESSION_IS_TOO_BIG,mariadb
4026,ER_CANNOT_USE_AUTOEXTEND_SIZE_CLAUSE,mysql
4027,ER_ERROR_EVALUATING_EXPRESSION,mariadb
4027,ER_ROLE_GRANTED_TO_ITSELF,mysql
4028,ER_CALCULATING_DEFAULT_VALUE,mariadb
4028,ER_TABLE_MUST_HAVE_A_VISIBLE_COLUMN,mysql
4029,ER_EXPRESSION_REFERS_TO_UNINIT_FIELD,mariadb
4029,ER_INNODB_COMPRESSION_FAILURE,mysql
4030,ER_PARTITION_DEFAULT_ERROR,mariadb
4030,ER_WARN_ASYNC_CONN_FAILOVER_NETWORK_NAMESPACE,mysql
4031,ER_REFERENCED_TRG_DOES_NOT_EXIST,mariadb
4031,ER_CLIENT_INTERACTION_TIMEOUT,mysql
4032,ER_INVALID_DEFAULT_PARAM,mariadb
4032,ER_INVALID_CAST_TO_GEOMETRY,mysql
4033,ER_BINLOG_NON_SUPPORTED_BULK,mariadb
4033,ER_INVALID_CAST_POLYGON_RING_DIRECTION,mysql
4034,ER_BINLOG_UNCOMPRESS_ERROR,mariadb
4034,ER_GIS_DIFFERENT_SRIDS_AGGREGATION,mysql
4035,ER_JSON_BAD_CHR,mariadb
4035,ER_RELOAD_KEYRING_FAILURE,mysql
4036,ER_JSON_NOT_JSON_CHR,mariadb
4036,ER_SDI_GET_KEYS_INVALID_TABLESPACE,mysql
4037,ER_JSON_EOS,mariadb
4037,ER_CHANGE_RPL_SRC_WRONG_COMPRESSION_ALGORITHM_SIZE,mysql
4038,ER_JSON_SYNTAX,mariadb
4039,ER_JSON_ESCAPING,mariadb
4039,ER_CANT_USE_SAME_UUID_AS_VIEW_CHANGE_UUID,mysql
4040,ER_JSON_DEPTH,mariadb
4040,ER_ANONYMOUS_TO_GTID_UUID_SAME_AS_VIEW_CHANGE_UUID,mysql
4041,ER_JSON_PATH_EOS,mariadb
4041,ER_GRP_RPL_VIEW_CHANGE_UUID_FAIL_GET_VARIABLE,mysql
4042,ER_JSON_PATH_SYNTAX,mariadb
4042,ER_WARN_ADUIT_LOG_MAX_SIZE_AND_PRUNE_SECONDS,mysql
4043,ER_JSON_PATH_DEPTH,mariadb
4043,ER_WARN_ADUIT_LOG_MAX_SIZE_CLOSE_TO_ROTATE_ON_SIZE,mysql
4044,ER_JSON_PATH_NO_WILDCARD,mariadb
4044,ER_KERBEROS_CREATE_USER,mysql
4045,ER_JSON_PATH_ARRAY,mariadb
4045,ER_INSTALL_PLUGIN_CONFLICT_CLIENT,mysql
4046,ER_JSON_ONE_OR_ALL,mariadb
4046,ER_DA_ERROR_LOG_COMPONENT_FLUSH_FAILED,mysql
4047,ER_UNSUPPORTED_COMPRESSED_TABLE,mariadb
4047,ER_WARN_SQL_AFTER_MTS_GAPS_GAP_NOT_CALCULATED,mysql
4048,ER_GEOJSON_INCORRECT,mariadb
4048,ER_INVALID_ASSIGNMENT_TARGET,mysql
4049,ER_GEOJSON_TOO_FEW_POINTS,mariadb
4049,ER_OPERATION_NOT_ALLOWED_ON_GR_SECONDARY,mysql
4050,ER_GEOJSON_NOT_CLOSED,mariadb
4050,ER_GRP_RPL_FAILOVER_CHANNEL_STATUS_PROPAGATION,mysql
4051,ER_JSON_PATH_EMPTY,mariadb
4051,ER_WARN_AUDIT_LOG_FORMAT_UNIX_TIMESTAMP_ONLY_WHEN_JSON,mysql
4052,ER_SLAVE_SAME_ID,mariadb
4052,ER_INVALID_MFA_PLUGIN_SPECIFIED,mysql
4053,ER_FLASHBACK_NOT_SUPPORTED,mariadb
4053,ER_IDENTIFIED_BY_UNSUPPORTED,mysql
4054,ER_KEYS_OUT_OF_ORDER,mariadb
4054,ER_INVALID_PLUGIN_FOR_REGISTRATION,mysql
4055,ER_OVERLAPPING_KEYS,mariadb
4055,ER_PLUGIN_REQUIRES_REGISTRATION,mysql
4056,ER_REQUIRE_ROW_BINLOG_FORMAT,mariadb
4056,ER_MFA_METHOD_EXISTS,mysql
4057,ER_ISOLATION_MODE_NOT_SUPPORTED,mariadb
4057,ER_MFA_METHOD_NOT_EXISTS,mysql
4058,ER_ON_DUPLICATE_DISABLED,mariadb
4058,ER_AUTHENTICATION_POLICY_MISMATCH,mysql
4059,ER_UPDATES_WITH_CONSISTENT_SNAPSHOT,mariadb
4059,ER_PLUGIN_REGISTRATION_DONE,mysql
4060,ER_ROLLBACK_ONLY,mariadb
4060,ER_INVALID_USER_FOR_REGISTRATION,mysql
4061,ER_ROLLBACK_TO_SAVEPOINT,mariadb
4061,ER_USER_REGISTRATION_FAILED,mysql
4062,ER_ISOLATION_LEVEL_WITH_CONSISTENT_SNAPSHOT,mariadb
4062,ER_MFA_METHODS_INVALID_ORDER,mysql
4063,ER_UNSUPPORTED_COLLATION,mariadb
4063,ER_MFA_METHODS_IDENTICAL,mysql
4064,ER_METADATA_INCONSISTENCY,mariadb
4064,ER_INVALID_MFA_OPERATIONS_FOR_PASSWORDLESS_USER,mysql
4065,ER_CF_DIFFERENT,mariadb
4065,ER_CHANGE_REPLICATION_SOURCE_NO_OPTIONS_FOR_GTID_ONLY,mysql
4066,ER_RDB_TTL_DURATION_FORMAT,mariadb
4066,ER_CHANGE_REP_SOURCE_CANT_DISABLE_REQ_ROW_FORMAT_WITH_GTID_ONLY,mysql
4067,ER_RDB_STATUS_GENERAL,mariadb
4067,ER_CHANGE_REP_SOURCE_CANT_DISABLE_AUTO_POSITION_WITH_GTID_ONLY,mysql
4068,ER_RDB_STATUS_MSG,mariadb
4068,ER_CHANGE_REP_SOURCE_CANT_DISABLE_GTID_ONLY_WITHOUT_POSITIONS,mysql
4069,ER_RDB_TTL_UNSUPPORTED,mariadb
4069,ER_CHANGE_REP_SOURCE_CANT_DISABLE_AUTO_POS_WITHOUT_POSITIONS,mysql
4070,ER_RDB_TTL_COL_FORMAT,mariadb
4070,ER_CHANGE_REP_SOURCE_GR_CHANNEL_WITH_GTID_MODE_NOT_ON,mysql
4071,ER_PER_INDEX_CF_DEPRECATED,mariadb
4071,ER_CANT_USE_GTID_ONLY_WITH_GTID_MODE_NOT_ON,mysql
4072,ER_KEY_CREATE_DURING_ALTER,mariadb
4072,ER_WARN_C_DISABLE_GTID_ONLY_WITH_SOURCE_AUTO_POS_INVALID_POS,mysql
4073,ER_SK_POPULATE_DURING_ALTER,mariadb
4073,ER_DA_SSL_FIPS_MODE_ERROR,mysql
4074,ER_SUM_FUNC_WITH_WINDOW_FUNC_AS_ARG,mariadb
4074,ER_VALUE_OUT_OF_RANGE,mysql
4075,ER_NET_OK_PACKET_TOO_LARGE,mariadb
4075,ER_FULLTEXT_WITH_ROLLUP,mysql
4076,ER_GEOJSON_EMPTY_COORDINATES,mariadb
4076,ER_REGEXP_MISSING_RESOURCE,mysql
4077,ER_MYROCKS_CANT_NOPAD_COLLATION,mariadb
4077,ER_WARN_REGEXP_USING_DEFAULT,mysql
4078,ER_ILLEGAL_PARAMETER_DATA_TYPES2_FOR_OPERATION,mariadb
4078,ER_REGEXP_MISSING_FILE,mysql
4079,ER_ILLEGAL_PARAMETER_DATA_TYPE_FOR_OPERATION,mariadb
4079,ER_WARN_DEPRECATED_COLLATION,mysql
4080,ER_WRONG_PARAMCOUNT_TO_CURSOR,mariadb
4080,ER_CONCURRENT_PROCEDURE_USAGE,mysql
4081,ER_UNKNOWN_STRUCTURED_VARIABLE,mariadb
4081,ER_DA_GLOBAL_CONN_LIMIT,mysql
4082,ER_ROW_VARIABLE_DOES_NOT_HAVE_FIELD,mariadb
4082,ER_DA_CONN_LIMIT,mysql
4083,ER_END_IDENTIFIER_DOES_NOT_MATCH,mariadb
4083,ER_ALTER_OPERATION_NOT_SUPPORTED_REASON_COLUMN_TYPE_INSTANT,mysql
4084,ER_SEQUENCE_RUN_OUT,mariadb
4084,ER_WARN_SF_UDF_NAME_COLLISION,mysql
4085,ER_SEQUENCE_INVALID_DATA,mariadb
4085,ER_CANNOT_PURGE_BINLOG_WITH_BACKUP_LOCK,mysql
4086,ER_SEQUENCE_INVALID_TABLE_STRUCTURE,mariadb
4086,ER_TOO_MANY_WINDOWS,mysql
4087,ER_SEQUENCE_ACCESS_ERROR,mariadb
4087,ER_MYSQLBACKUP_CLIENT_MSG,mysql
4088,ER_SEQUENCE_BINLOG_FORMAT,mariadb
4088,ER_COMMENT_CONTAINS_INVALID_STRING,mysql
4089,ER_NOT_SEQUENCE,mariadb
4089,ER_DEFINITION_CONTAINS_INVALID_STRING,mysql
4090,ER_NOT_SEQUENCE2,mariadb
4090,ER_CANT_EXECUTE_COMMAND_WITH_ASSIGNED_GTID_NEXT,mysql
4091,ER_UNKNOWN_SEQUENCES,mariadb
4091,ER_XA_TEMP_TABLE,mysql
4092,ER_UNKNOWN_VIEW,mariadb
4092,ER_INNODB_MAX_ROW_VERSION,mysql
4093,ER_WRONG_INSERT_INTO_SEQUENCE,mariadb
4094,ER_SP_STACK_TRACE,mariadb
4094,ER_OPERATION_NOT_ALLOWED_WHILE_PRIMARY_CHANGE_IS_RUNNING,mysql
4095,ER_PACKAGE_ROUTINE_IN_SPEC_NOT_DEFINED_IN_BODY,mariadb
4095,ER_WARN_DEPRECATED_DATETIME_DELIMITER,mysql
4096,ER_PACKAGE_ROUTINE_FORWARD_DECLARATION_NOT_DEFINED,mariadb
4096,ER_WARN_DEPRECATED_SUPERFLUOUS_DELIMITER,mysql
4097,ER_COMPRESSED_COLUMN_USED_AS_KEY,mariadb
4097,ER_CANNOT_PERSIST_SENSITIVE_VARIABLES,mysql
4098,ER_UNKNOWN_COMPRESSION_METHOD,mariadb
4098,ER_WARN_CANNOT_SECURELY_PERSIST_SENSITIVE_VARIABLES,mysql
4099,ER_WRONG_NUMBER_OF_VALUES_IN_TVC,mariadb
4099,ER_WARN_TRG_ALREADY_EXISTS,mysql
4100,ER_FIELD_REFERENCE_IN_TVC,mariadb
4100,ER_IF_NOT_EXISTS_UNSUPPORTED_TRG_EXISTS_ON_DIFFERENT_TABLE,mysql
4101,ER_WRONG_TYPE_FOR_PERCENTILE_FUNC,mariadb
4101,ER_IF_NOT_EXISTS_UNSUPPORTED_UDF_NATIVE_FCT_NAME_COLLISION,mysql
4102,ER_ARGUMENT_NOT_CONSTANT,mariadb
4102,ER_SET_PASSWORD_AUTH_PLUGIN_ERROR,mysql
4103,ER_ARGUMENT_OUT_OF_RANGE,mariadb
4104,ER_WRONG_TYPE_OF_ARGUMENT,mariadb
4105,ER_NOT_AGGREGATE_FUNCTION,mariadb
4105,ER_SRS_INVALID_LATITUDE_OF_ORIGIN,mysql
4106,ER_INVALID_AGGREGATE_FUNCTION,mariadb
4106,ER_SRS_INVALID_LONGITUDE_OF_ORIGIN,mysql
4107,ER_INVALID_VALUE_TO_LIMIT,mariadb
4107,ER_SRS_UNUSED_PROJ_PARAMETER_PRESENT,mysql
4108,ER_INVISIBLE_NOT_NULL_WITHOUT_DEFAULT,mariadb
4108,ER_GIPK_COLUMN_EXISTS,mysql
4109,ER_UPDATE_INFO_WITH_SYSTEM_VERSIONING,mariadb
4109,ER_GIPK_FAILED_AUTOINC_COLUMN_EXISTS,mysql
4110,ER_VERS_FIELD_WRONG_TYPE,mariadb
4110,ER_GIPK_COLUMN_ALTER_NOT_ALLOWED,mysql
4111,ER_VERS_ENGINE_UNSUPPORTED,mariadb
4111,ER_DROP_PK_COLUMN_TO_DROP_GIPK,mysql
4112,ER_CREATE_SELECT_WITH_GIPK_DISALLOWED_IN_SBR,mysql
4113,ER_PARTITION_WRONG_TYPE,mariadb
4113,ER_DA_EXPIRE_LOGS_DAYS_IGNORED,mysql
4114,WARN_VERS_PART_FULL,mariadb
4114,ER_CTE_RECURSIVE_NOT_UNION,mysql
4115,WARN_VERS_PARAMETERS,mariadb
4115,ER_COMMAND_BACKEND_FAILED_TO_FETCH_SECURITY_CTX,mysql
4116,ER_VERS_DROP_PARTITION_INTERVAL,mariadb
4116,ER_COMMAND_SERVICE_BACKEND_FAILED,mysql
4117,ER_CLIENT_FILE_PRIVILEGE_FOR_REPLICATION_CHECKS,mysql
4118,WARN_VERS_PART_NON_HISTORICAL,mariadb
4118,ER_GROUP_REPLICATION_FORCE_MEMBERS_COMMAND_FAILURE,mysql
4119,ER_VERS_ALTER_NOT_ALLOWED,mariadb
4119,ER_WARN_DEPRECATED_IDENT,mysql
4120,ER_VERS_ALTER_ENGINE_PROHIBITED,mariadb
4120,ER_INTERSECT_ALL_MAX_DUPLICATES_EXCEEDED,mysql
4121,ER_VERS_RANGE_PROHIBITED,mariadb
4121,ER_TP_QUERY_THRS_PER_GRP_EXCEEDS_TXN_THR_LIMIT,mysql
4122,ER_CONFLICTING_FOR_SYSTEM_TIME,mariadb
4122,ER_BAD_TIMESTAMP_FORMAT,mysql
4123,ER_VERS_TABLE_MUST_HAVE_COLUMNS,mariadb
4123,ER_SHAPE_PRIDICTION_UDF,mysql
4124,ER_VERS_NOT_VERSIONED,mariadb
4124,ER_SRS_INVALID_HEIGHT,mysql
4125,ER_MISSING,mariadb
4125,ER_SRS_INVALID_SCALING,mysql
4126,ER_VERS_PERIOD_COLUMNS,mariadb
4126,ER_SRS_INVALID_ZONE_WIDTH,mysql
4127,ER_PART_WRONG_VALUE,mariadb
4127,ER_SRS_INVALID_LATITUDE_POLAR_STERE_VAR_A,mysql
4128,ER_VERS_WRONG_PARTS,mariadb
4128,ER_WARN_DEPRECATED_CLIENT_NO_SCHEMA_OPTION,mysql
4129,ER_VERS_NO_TRX_ID,mariadb
4129,ER_TABLE_NOT_EMPTY,mysql
4130,ER_VERS_ALTER_SYSTEM_FIELD,mariadb
4130,ER_TABLE_NO_PRIMARY_KEY,mysql
4131,ER_DROP_VERSIONING_SYSTEM_TIME_PARTITION,mariadb
4131,ER_TABLE_IN_SHARED_TABLESPACE,mysql
4132,ER_VERS_DB_NOT_SUPPORTED,mariadb
4132,ER_INDEX_OTHER_THAN_PK,mysql
4133,ER_VERS_TRT_IS_DISABLED,mariadb
4133,ER_LOAD_BULK_DATA_UNSORTED,mysql
4134,ER_VERS_DUPLICATE_ROW_START_END,mariadb
4134,ER_BULK_EXECUTOR_ERROR,mysql
4135,ER_VERS_ALREADY_VERSIONED,mariadb
4135,ER_BULK_READER_LIBCURL_INIT_FAILED,mysql
4136,ER_BULK_READER_LIBCURL_ERROR,mysql
4137,ER_VERS_NOT_SUPPORTED,mariadb
4137,ER_BULK_READER_SERVER_ERROR,mysql
4138,ER_VERS_TRX_PART_HISTORIC_ROW_NOT_SUPPORTED,mariadb
4138,ER_BULK_READER_COMMUNICATION_ERROR,mysql
4139,ER_INDEX_FILE_FULL,mariadb
4139,ER_BULK_LOAD_DATA_FAILED,mysql
4140,ER_UPDATED_COLUMN_ONLY_ONCE,mariadb
4140,ER_BULK_LOADER_COLUMN_TOO_BIG_FOR_LEFTOVER_BUFFER,mysql
4141,ER_EMPTY_ROW_IN_TVC,mariadb
4141,ER_BULK_LOADER_COMPONENT_ERROR,mysql
4142,ER_VERS_QUERY_IN_PARTITION,mariadb
4142,ER_BULK_LOADER_FILE_CONTAINS_LESS_LINES_THAN_IGNORE_CLAUSE,mysql
4143,ER_KEY_DOESNT_SUPPORT,mariadb
4143,ER_BULK_PARSER_MISSING_ENCLOSED_BY,mysql
4144,ER_ALTER_OPERATION_TABLE_OPTIONS_NEED_REBUILD,mariadb
4144,ER_BULK_PARSER_ROW_BUFFER_MAX_TOTAL_COLS_EXCEEDED,mysql
4145,ER_BACKUP_LOCK_IS_ACTIVE,mariadb
4145,ER_BULK_PARSER_COPY_BUFFER_SIZE_EXCEEDED,mysql
4146,ER_BACKUP_NOT_RUNNING,mariadb
4146,ER_BULK_PARSER_UNEXPECTED_END_OF_INPUT,mysql
4147,ER_BACKUP_WRONG_STAGE,mariadb
4147,ER_BULK_PARSER_UNEXPECTED_ROW_TERMINATOR,mysql
4148,ER_BACKUP_STAGE_FAILED,mariadb
4148,ER_BULK_PARSER_UNEXPECTED_CHAR_AFTER_ENDING_ENCLOSED_BY,mysql
4149,ER_BACKUP_UNKNOWN_STAGE,mariadb
4149,ER_BULK_PARSER_UNEXPECTED_CHAR_AFTER_NULL_ESCAPE,mysql
4150,ER_USER_IS_BLOCKED,mariadb
4150,ER_BULK_PARSER_UNEXPECTED_CHAR_AFTER_COLUMN_TERMINATOR,mysql
4151,ER_ACCOUNT_HAS_BEEN_LOCKED,mariadb
4151,ER_BULK_PARSER_INCOMPLETE_ESCAPE_SEQUENCE,mysql
4152,ER_PERIOD_TEMPORARY_NOT_ALLOWED,mariadb
4152,ER_LOAD_BULK_DATA_FAILED,mysql
4153,ER_PERIOD_TYPES_MISMATCH,mariadb
4153,ER_LOAD_BULK_DATA_WRONG_VALUE_FOR_FIELD,mysql
4154,ER_MORE_THAN_ONE_PERIOD,mariadb
4154,ER_LOAD_BULK_DATA_WARN_NULL_TO_NOTNULL,mysql
4155,ER_PERIOD_FIELD_WRONG_ATTRIBUTES,mariadb
4155,ER_REQUIRE_TABLE_PRIMARY_KEY_CHECK_GENERATE_WITH_GR,mysql
4156,ER_PERIOD_NOT_FOUND,mariadb
4156,ER_CANT_CHANGE_SYS_VAR_IN_READ_ONLY_MODE,mysql
4157,ER_PERIOD_COLUMNS_UPDATED,mariadb
4157,ER_INNODB_INSTANT_ADD_DROP_NOT_SUPPORTED_MAX_SIZE,mysql
4158,ER_PERIOD_CONSTRAINT_DROP,mariadb
4158,ER_INNODB_INSTANT_ADD_NOT_SUPPORTED_MAX_FIELDS,mysql
4159,ER_TOO_LONG_KEYPART,mariadb
4159,ER_CANT_SET_PERSISTED,mysql
4160,ER_TOO_LONG_DATABASE_COMMENT,mariadb
4160,ER_INSTALL_COMPONENT_SET_NULL_VALUE,mysql
4161,ER_UNKNOWN_DATA_TYPE,mariadb
4161,ER_INSTALL_COMPONENT_SET_UNUSED_VALUE,mysql
4162,ER_UNKNOWN_OPERATOR,mariadb
4162,ER_WARN_DEPRECATED_USER_DEFINED_COLLATIONS,mysql
4163,ER_WARN_HISTORY_ROW_START_TIME,mariadb
4163,ER_USER_LOCK_OVERLONG_NAME,mysql
4164,ER_PART_STARTS_BEYOND_INTERVAL,mariadb
4164,ER_WARN_NO_SPACE_VERSION_COMMENT,mysql
4165,ER_GALERA_REPLICATION_NOT_SUPPORTED,mariadb
4165,ER_VALIDATE_PASSWORD_INSUFFICIENT_CHANGED_CHARACTERS,mysql
4166,ER_LOAD_INFILE_CAPABILITY_DISABLED,mariadb
4167,ER_NO_SECURE_TRANSPORTS_CONFIGURED,mariadb
4168,ER_SLAVE_IGNORED_SHARED_TABLE,mariadb
4169,ER_NO_AUTOINCREMENT_WITH_UNIQUE,mariadb
4170,ER_KEY_CONTAINS_PERIOD_FIELDS,mariadb
4171,ER_KEY_CANT_HAVE_WITHOUT_OVERLAPS,mariadb
4172,ER_NOT_ALLOWED_IN_THIS_CONTEXT,mariadb
4173,ER_DATA_WAS_COMMITED_UNDER_ROLLBACK,mariadb
4174,ER_PK_INDEX_CANT_BE_IGNORED,mariadb
4175,ER_BINLOG_UNSAFE_SKIP_LOCKED,mariadb
4176,ER_JSON_TABLE_ERROR_ON_FIELD,mariadb
4177,ER_JSON_TABLE_ALIAS_REQUIRED,mariadb
4178,ER_JSON_TABLE_SCALAR_EXPECTED,mariadb
4179,ER_JSON_TABLE_MULTIPLE_MATCHES,mariadb
4180,ER_WITH_TIES_NEEDS_ORDER,mariadb
4181,ER_REMOVED_ORPHAN_TRIGGER,mariadb
4182,ER_STORAGE_ENGINE_DISABLED,mariadb
4183,WARN_SFORMAT_ERROR,mariadb
4184,ER_PARTITION_CONVERT_SUBPARTITIONED,mariadb
4185,ER_PROVIDER_NOT_LOADED,mariadb
4186,ER_JSON_HISTOGRAM_PARSE_FAILED,mariadb
4187,ER_SF_OUT_INOUT_ARG_NOT_ALLOWED,mariadb
4188,ER_INCONSISTENT_SLAVE_TEMP_TABLE,mariadb
4189,ER_VERS_HIST_PART_FAILED,mariadb
4190,WARN_OPTION_CHANGING,mariadb
4191,ER_CM_OPTION_MISSING_REQUIREMENT,mariadb
4192,ER_SLAVE_STATEMENT_TIMEOUT,mariadb
4193,ER_JSON_INVALID_VALUE_FOR_KEYWORD,mariadb
4194,ER_JSON_SCHEMA_KEYWORD_UNSUPPORTED,mariadb
